/*!999999\- enable the sandbox mode */ 
-- MariaDB dump 10.19  Distrib 10.5.25-MariaDB, for Linux (x86_64)
--
-- Host: localhost    Database: dbn3p8afn2d52i
-- ------------------------------------------------------
-- Server version	8.0.39-30

/*!40101 SET @OLD_CHARACTER_SET_CLIENT=@@CHARACTER_SET_CLIENT */;
/*!40101 SET @OLD_CHARACTER_SET_RESULTS=@@CHARACTER_SET_RESULTS */;
/*!40101 SET @OLD_COLLATION_CONNECTION=@@COLLATION_CONNECTION */;
/*!40101 SET NAMES utf8mb4 */;
/*!40103 SET @OLD_TIME_ZONE=@@TIME_ZONE */;
/*!40103 SET TIME_ZONE='+00:00' */;
/*!40014 SET @OLD_UNIQUE_CHECKS=@@UNIQUE_CHECKS, UNIQUE_CHECKS=0 */;
/*!40014 SET @OLD_FOREIGN_KEY_CHECKS=@@FOREIGN_KEY_CHECKS, FOREIGN_KEY_CHECKS=0 */;
/*!40101 SET @OLD_SQL_MODE=@@SQL_MODE, SQL_MODE='NO_AUTO_VALUE_ON_ZERO' */;
/*!40111 SET @OLD_SQL_NOTES=@@SQL_NOTES, SQL_NOTES=0 */;

--
-- Table structure for table `FAQs`
--

DROP TABLE IF EXISTS `FAQs`;
/*!40101 SET @saved_cs_client     = @@character_set_client */;
/*!40101 SET character_set_client = utf8 */;
CREATE TABLE `FAQs` (
  `id` bigint unsigned NOT NULL AUTO_INCREMENT,
  `question` varchar(255) COLLATE utf8mb4_unicode_ci NOT NULL,
  `answer` text COLLATE utf8mb4_unicode_ci NOT NULL,
  `created_at` timestamp NULL DEFAULT NULL,
  `updated_at` timestamp NULL DEFAULT NULL,
  PRIMARY KEY (`id`)
) ENGINE=InnoDB AUTO_INCREMENT=8 DEFAULT CHARSET=utf8mb4 COLLATE=utf8mb4_unicode_ci;
/*!40101 SET character_set_client = @saved_cs_client */;

--
-- Dumping data for table `FAQs`
--

LOCK TABLES `FAQs` WRITE;
/*!40000 ALTER TABLE `FAQs` DISABLE KEYS */;
INSERT INTO `FAQs` VALUES (1,'How do I book a shooting session?','To book a shooting session, visit our booking page, select the desired date and time, and complete the booking form with your details.','2024-05-29 21:27:35','2024-05-29 21:27:35'),(2,'What types of shootings do you offer?','We offer a variety of shooting sessions including portraits, fashion, events, and commercial photography.','2024-05-29 21:27:35','2024-05-29 21:27:35'),(3,'What should I bring to my shooting session?','We recommend bringing any specific outfits, props, or accessories you would like to use during the shoot. Feel free to bring anything that helps showcase your personality or brand.','2024-05-29 21:27:35','2024-05-29 21:27:35'),(4,'How long does a typical shooting session last?','The duration of a shooting session depends on the type of shoot. On average, sessions last between 1 to 3 hours. Please check the details on the booking page for specific session lengths.','2024-05-29 21:27:35','2024-05-29 21:27:35'),(5,'When will I receive my photos?','After your shooting session, our team will edit and process your photos. You can expect to receive the final images within 1-2 weeks.','2024-05-29 21:27:35','2024-05-29 21:27:35'),(6,'Can I reschedule or cancel my booking?','Yes, you can reschedule or cancel your booking. Please contact us at least 24 hours in advance to avoid any cancellation fees.','2024-05-29 21:27:35','2024-05-29 21:27:35'),(7,'Do you provide hair and makeup services?','Yes, we offer hair and makeup services for an additional fee. You can add these services when booking your session or contact us for more details.','2024-05-29 21:27:35','2024-05-29 21:27:35');
/*!40000 ALTER TABLE `FAQs` ENABLE KEYS */;
UNLOCK TABLES;

--
-- Table structure for table `bookings`
--

DROP TABLE IF EXISTS `bookings`;
/*!40101 SET @saved_cs_client     = @@character_set_client */;
/*!40101 SET character_set_client = utf8 */;
CREATE TABLE `bookings` (
  `id` bigint unsigned NOT NULL AUTO_INCREMENT,
  `member_id` bigint unsigned DEFAULT NULL,
  `category_id` bigint unsigned DEFAULT NULL,
  `sub_category_id` bigint unsigned DEFAULT NULL,
  `booking_id` bigint unsigned NOT NULL,
  `request_status` varchar(255) COLLATE utf8mb4_unicode_ci NOT NULL,
  `payment_status` varchar(255) COLLATE utf8mb4_unicode_ci NOT NULL,
  `lat` double DEFAULT NULL,
  `lng` double DEFAULT NULL,
  `address` varchar(255) COLLATE utf8mb4_unicode_ci DEFAULT NULL,
  `date` date DEFAULT NULL,
  `time` time DEFAULT NULL,
  `member_first_name` varchar(255) COLLATE utf8mb4_unicode_ci DEFAULT NULL,
  `member_last_name` varchar(255) COLLATE utf8mb4_unicode_ci DEFAULT NULL,
  `member_email` varchar(255) COLLATE utf8mb4_unicode_ci DEFAULT NULL,
  `member_phone` varchar(255) COLLATE utf8mb4_unicode_ci DEFAULT NULL,
  `shooting_type` varchar(255) COLLATE utf8mb4_unicode_ci DEFAULT NULL,
  `additional_details` varchar(255) COLLATE utf8mb4_unicode_ci DEFAULT NULL,
  `created_at` timestamp NULL DEFAULT NULL,
  `updated_at` timestamp NULL DEFAULT NULL,
  `sub_category_details` varchar(255) COLLATE utf8mb4_unicode_ci DEFAULT NULL COMMENT 'Fillable incase of Other category',
  PRIMARY KEY (`id`),
  UNIQUE KEY `bookings_booking_id_unique` (`booking_id`),
  KEY `bookings_member_id_foreign` (`member_id`),
  KEY `bookings_category_id_foreign` (`category_id`),
  KEY `bookings_sub_category_id_foreign` (`sub_category_id`),
  CONSTRAINT `bookings_category_id_foreign` FOREIGN KEY (`category_id`) REFERENCES `categories` (`id`) ON DELETE SET NULL,
  CONSTRAINT `bookings_member_id_foreign` FOREIGN KEY (`member_id`) REFERENCES `members` (`id`) ON DELETE SET NULL,
  CONSTRAINT `bookings_sub_category_id_foreign` FOREIGN KEY (`sub_category_id`) REFERENCES `categories` (`id`) ON DELETE SET NULL
) ENGINE=InnoDB AUTO_INCREMENT=15 DEFAULT CHARSET=utf8mb4 COLLATE=utf8mb4_unicode_ci;
/*!40101 SET character_set_client = @saved_cs_client */;

--
-- Dumping data for table `bookings`
--

LOCK TABLES `bookings` WRITE;
/*!40000 ALTER TABLE `bookings` DISABLE KEYS */;
INSERT INTO `bookings` VALUES (1,NULL,9,12,1726654113,'Accepted','Unpaid',31.44694319999999,74.2963317,'Lajhna Chowk, College Road, Block 1 Sector C-1 Block 1 Township Sector C 1 Lahore, Pakistan','2024-09-23','18:29:00','shaka','shaka','shahsawoodshinwari@gmail.com','+971 52-347-4000','Business',NULL,'2024-09-18 14:08:33','2024-09-18 14:20:36',NULL),(2,NULL,9,12,1726654174,'Cancelled','Unpaid',31.44694319999999,74.2963317,'Lajhna Chowk, College Road, Block 1 Sector C-1 Block 1 Township Sector C 1 Lahore, Pakistan','2024-09-23','18:29:00','shaka','shaka','shahsawoodshinwari@gmail.com','+971 52-347-4000','Business',NULL,'2024-09-18 14:09:34','2024-09-18 14:20:57',NULL),(3,NULL,9,12,1726654283,'Pending','Unpaid',31.44694319999999,74.2963317,'Lajhna Chowk, College Road, Block 1 Sector C-1 Block 1 Township Sector C 1 Lahore, Pakistan','2024-09-23','18:29:00','shaka','shaka','shahsawoodshinwari@gmail.com','+971 52-347-4000','Business',NULL,'2024-09-18 14:11:23','2024-09-18 14:11:23',NULL),(4,NULL,21,23,1726654469,'Pending','Unpaid',31.44694319999999,74.2963317,'Lajhna Chowk, College Road, Block 1 Sector C-1 Block 1 Township Sector C 1 Lahore, Pakistan','2024-09-30','15:14:00','shaka','shaka','shahsawoodshinwari@gmail.com','+971 52-347-4000','Business',NULL,'2024-09-18 14:14:29','2024-09-18 14:14:29',NULL),(5,NULL,9,10,1726654796,'Rescheduled','Unpaid',31.44694319999999,74.2963317,'Lajhna Chowk, College Road, Block 1 Sector C-1 Block 1 Township Sector C 1 Lahore, Pakistan','2024-09-16','14:09:00','shaka','shaka','shahsawoodshinwari@gmail.com','+971 52-347-4000','Business',NULL,'2024-09-18 14:19:56','2024-09-18 14:32:10',NULL),(6,14,1,2,1734244754,'Pending','Unpaid',25.2048493,55.2707828,'Dubai - United Arab Emirates','2024-12-28','11:39:00','Muhammad','Shahzad','muhammad.shahzad.sqa@gmail.com','+971 56-848-4546','Business',NULL,'2024-12-15 10:39:14','2024-12-15 10:39:14',NULL),(7,21,17,20,1734250134,'Pending','Unpaid',30.375321,69.34511599999999,'Pakistan','2024-12-31','18:57:00','Ahmad','Ali','amnahmad52@gmail.com','+971 58-817-8755','Business',NULL,'2024-12-15 12:08:54','2024-12-15 12:08:54',NULL),(8,21,5,8,1734250185,'Pending','Unpaid',34.0151366,71.5249154,'Peshawar, Pakistan','2024-12-30','18:09:00','Ahmad','Ali','amnahmad52@gmail.com','+971 58-817-8755','Individual',NULL,'2024-12-15 12:09:45','2024-12-15 12:09:45',NULL),(9,1,21,22,1734629653,'Pending','Unpaid',38.9340002,-76.8966397,'Landover, Greater Landover, MD, USA','2024-12-31','18:30:00','Shah','Sawood','cust@privacylock.com','+971 50-123-4547','Individual',NULL,'2024-12-19 21:34:13','2024-12-19 21:34:13',NULL),(10,1,1,2,1734629870,'Accepted','Unpaid',38.6742286,29.4058825,'Uşak, Uşak Merkez/Uşak, Türkiye','2024-12-30','12:00:00','Shah','Sawood','cust@privacylock.com','+971 50-123-4547','Business','please check typo fixed','2024-12-19 21:37:50','2024-12-19 21:39:13',NULL),(11,22,1,3,1734955264,'Pending','Unpaid',24.453884,54.3773438,'Abu Dhabi - United Arab Emirates','2024-12-23','19:59:00','sudais','ali','mezbanaka@gmail.com','+971 54-435-3539','Business','i don\'t have the makeup artist i would like it if you guys would provide us one','2024-12-23 16:01:04','2024-12-23 16:01:04',NULL),(12,23,1,3,1735209787,'Pending','Unpaid',33.5564864,72.8340621,'Islamabad International Airport','2024-12-27','17:25:00','Test','User','zain11@yopmail.com','+971 54-433-3539','Individual','Test User order to check it','2024-12-26 14:43:07','2024-12-26 14:43:07',NULL),(13,24,1,2,1735231353,'Completed','Unpaid',25.1244892,55.403757,'Silicon Oasis - Dubai - United Arab Emirates','2024-12-31','23:41:00','Muhammad','Toseef','tousikhan186@gmail.com','+971 50-740-4783','Individual','testing: need video graphics for 3 days.','2024-12-26 20:42:33','2024-12-26 20:47:18',NULL),(14,24,1,3,1735580394,'Pending','Unpaid',25.2048493,55.2707828,'Dubai - United Arab Emirates','2024-12-31','15:15:00','Muhammad','Toseef','tousikhan186@gmail.com','+971 50-740-4783','Business',NULL,'2024-12-30 21:39:54','2024-12-30 21:39:54',NULL);
/*!40000 ALTER TABLE `bookings` ENABLE KEYS */;
UNLOCK TABLES;

--
-- Table structure for table `cache`
--

DROP TABLE IF EXISTS `cache`;
/*!40101 SET @saved_cs_client     = @@character_set_client */;
/*!40101 SET character_set_client = utf8 */;
CREATE TABLE `cache` (
  `key` varchar(255) COLLATE utf8mb4_unicode_ci NOT NULL,
  `value` mediumtext COLLATE utf8mb4_unicode_ci NOT NULL,
  `expiration` int NOT NULL,
  PRIMARY KEY (`key`)
) ENGINE=InnoDB DEFAULT CHARSET=utf8mb4 COLLATE=utf8mb4_unicode_ci;
/*!40101 SET character_set_client = @saved_cs_client */;

--
-- Dumping data for table `cache`
--

LOCK TABLES `cache` WRITE;
/*!40000 ALTER TABLE `cache` DISABLE KEYS */;
INSERT INTO `cache` VALUES ('hamza.khan1uae@gmail.com|94.204.152.245','i:2;',1735925177),('hamza.khan1uae@gmail.com|94.204.152.245:timer','i:1735925177;',1735925177),('superadmin@render-media.com|94.205.175.31','i:1;',1735905180),('superadmin@render-media.com|94.205.175.31:timer','i:1735905180;',1735905180);
/*!40000 ALTER TABLE `cache` ENABLE KEYS */;
UNLOCK TABLES;

--
-- Table structure for table `cache_locks`
--

DROP TABLE IF EXISTS `cache_locks`;
/*!40101 SET @saved_cs_client     = @@character_set_client */;
/*!40101 SET character_set_client = utf8 */;
CREATE TABLE `cache_locks` (
  `key` varchar(255) COLLATE utf8mb4_unicode_ci NOT NULL,
  `owner` varchar(255) COLLATE utf8mb4_unicode_ci NOT NULL,
  `expiration` int NOT NULL,
  PRIMARY KEY (`key`)
) ENGINE=InnoDB DEFAULT CHARSET=utf8mb4 COLLATE=utf8mb4_unicode_ci;
/*!40101 SET character_set_client = @saved_cs_client */;

--
-- Dumping data for table `cache_locks`
--

LOCK TABLES `cache_locks` WRITE;
/*!40000 ALTER TABLE `cache_locks` DISABLE KEYS */;
/*!40000 ALTER TABLE `cache_locks` ENABLE KEYS */;
UNLOCK TABLES;

--
-- Table structure for table `categories`
--

DROP TABLE IF EXISTS `categories`;
/*!40101 SET @saved_cs_client     = @@character_set_client */;
/*!40101 SET character_set_client = utf8 */;
CREATE TABLE `categories` (
  `id` bigint unsigned NOT NULL AUTO_INCREMENT,
  `parent_id` bigint unsigned DEFAULT NULL,
  `slug` varchar(255) COLLATE utf8mb4_unicode_ci NOT NULL,
  `name` varchar(255) COLLATE utf8mb4_unicode_ci NOT NULL,
  `created_at` timestamp NULL DEFAULT NULL,
  `updated_at` timestamp NULL DEFAULT NULL,
  PRIMARY KEY (`id`),
  UNIQUE KEY `categories_slug_unique` (`slug`),
  KEY `categories_parent_id_foreign` (`parent_id`),
  CONSTRAINT `categories_parent_id_foreign` FOREIGN KEY (`parent_id`) REFERENCES `categories` (`id`) ON DELETE SET NULL
) ENGINE=InnoDB AUTO_INCREMENT=36 DEFAULT CHARSET=utf8mb4 COLLATE=utf8mb4_unicode_ci;
/*!40101 SET character_set_client = @saved_cs_client */;

--
-- Dumping data for table `categories`
--

LOCK TABLES `categories` WRITE;
/*!40000 ALTER TABLE `categories` DISABLE KEYS */;
INSERT INTO `categories` VALUES (1,NULL,'videography','Videography','2024-08-08 11:45:00','2024-08-08 11:45:00'),(2,1,'event-videography','Event Videography','2024-08-08 11:45:00','2024-08-08 11:45:00'),(3,1,'commercial-videography','Commercial Videography','2024-08-08 11:45:00','2024-08-08 11:45:00'),(4,1,'documentary-videography','Documentary Videography','2024-08-08 11:45:00','2024-08-08 11:45:00'),(5,NULL,'photography-edit','Photography & Edit','2024-08-08 11:45:00','2024-08-08 11:45:00'),(6,5,'portrait-photography','Portrait Photography','2024-08-08 11:45:00','2024-08-08 11:45:00'),(7,5,'landscape-photography','Landscape Photography','2024-08-08 11:45:00','2024-08-08 11:45:00'),(8,5,'photo-editing-services','Photo Editing Services','2024-08-08 11:45:00','2024-08-08 11:45:00'),(9,NULL,'video-shoot-edit','Video Shoot Edit','2024-08-08 11:45:00','2024-08-08 11:45:00'),(10,9,'music-video-production','Music Video Production','2024-08-08 11:45:00','2024-08-08 11:45:00'),(11,9,'corporate-video-production','Corporate Video Production','2024-08-08 11:45:00','2024-08-08 11:45:00'),(12,9,'short-film-production','Short Film Production','2024-08-08 11:45:00','2024-08-08 11:45:00'),(13,NULL,'script-writer-story-board','Script Writer / Story Board','2024-08-08 11:45:00','2024-08-08 11:45:00'),(14,13,'screenplay-writing','Screenplay Writing','2024-08-08 11:45:00','2024-08-08 11:45:00'),(15,13,'dialogue-writing','Dialogue Writing','2024-08-08 11:45:00','2024-08-08 11:45:00'),(16,13,'storyboarding','Storyboarding','2024-08-08 11:45:00','2024-08-08 11:45:00'),(17,NULL,'content-creator','Content Creator','2024-08-08 11:45:00','2024-08-08 11:45:00'),(18,17,'social-media-content-creation','Social Media Content Creation','2024-08-08 11:45:00','2024-08-08 11:45:00'),(19,17,'blog-content-creation','Blog Content Creation','2024-08-08 11:45:00','2024-08-08 11:45:00'),(20,17,'marketing-content-creation','Marketing Content Creation','2024-08-08 11:45:00','2024-08-08 11:45:00'),(21,NULL,'editing','Editing','2024-08-08 11:45:00','2024-08-08 11:45:00'),(22,21,'film-editing','Film Editing','2024-08-08 11:45:00','2024-08-08 11:45:00'),(23,21,'photo-editing','Photo Editing','2024-08-08 11:45:00','2024-08-08 11:45:00'),(24,21,'audio-editing','Audio Editing','2024-08-08 11:45:00','2024-08-08 11:45:00'),(25,NULL,'dop-director','DOP / Director','2024-08-08 11:45:00','2024-08-08 11:45:00'),(26,25,'director-of-photography-dop-services','Director of Photography (DOP) Services','2024-08-08 11:45:00','2024-08-08 11:45:00'),(27,25,'film-direction','Film Direction','2024-08-08 11:45:00','2024-08-08 11:45:00'),(28,25,'video-production-direction','Video Production Direction','2024-08-08 11:45:00','2024-08-08 11:45:00'),(29,1,'other','Other','2025-01-04 16:31:33','2025-01-04 16:31:33'),(30,5,'other-1','Other','2025-01-04 16:31:59','2025-01-04 16:31:59'),(31,9,'other-2','Other','2025-01-04 16:32:29','2025-01-04 16:32:29'),(32,13,'other-3','Other','2025-01-04 16:33:59','2025-01-04 16:33:59'),(33,17,'other-4','Other','2025-01-04 16:34:24','2025-01-04 16:34:24'),(34,21,'other-5','Other','2025-01-04 16:34:50','2025-01-04 16:34:50'),(35,25,'other-6','Other','2025-01-04 16:35:13','2025-01-04 16:35:13');
/*!40000 ALTER TABLE `categories` ENABLE KEYS */;
UNLOCK TABLES;

--
-- Table structure for table `contact_us`
--

DROP TABLE IF EXISTS `contact_us`;
/*!40101 SET @saved_cs_client     = @@character_set_client */;
/*!40101 SET character_set_client = utf8 */;
CREATE TABLE `contact_us` (
  `id` bigint unsigned NOT NULL AUTO_INCREMENT,
  `member_id` bigint unsigned DEFAULT NULL,
  `first_name` varchar(255) COLLATE utf8mb4_unicode_ci NOT NULL,
  `last_name` varchar(255) COLLATE utf8mb4_unicode_ci NOT NULL,
  `email` varchar(255) COLLATE utf8mb4_unicode_ci NOT NULL,
  `phone` varchar(255) COLLATE utf8mb4_unicode_ci NOT NULL,
  `reason` text COLLATE utf8mb4_unicode_ci NOT NULL,
  `created_at` timestamp NULL DEFAULT NULL,
  `updated_at` timestamp NULL DEFAULT NULL,
  PRIMARY KEY (`id`),
  KEY `contact_us_member_id_foreign` (`member_id`),
  CONSTRAINT `contact_us_member_id_foreign` FOREIGN KEY (`member_id`) REFERENCES `members` (`id`) ON DELETE SET NULL
) ENGINE=InnoDB AUTO_INCREMENT=6 DEFAULT CHARSET=utf8mb4 COLLATE=utf8mb4_unicode_ci;
/*!40101 SET character_set_client = @saved_cs_client */;

--
-- Dumping data for table `contact_us`
--

LOCK TABLES `contact_us` WRITE;
/*!40000 ALTER TABLE `contact_us` DISABLE KEYS */;
INSERT INTO `contact_us` VALUES (1,3,'Adam','Render','admin123@yopmail.com','+971 52-346-5467','this is a simple request to test the api.','2024-08-17 23:05:07','2024-08-17 23:05:07'),(2,7,'Zain','Khan','zain15@yopmail.com','+971 52-346-8536','testing','2024-08-23 00:45:42','2024-08-23 00:45:42'),(3,NULL,'Shah','Sawood','shahsawoodshinwari@gmail.com','+971 52-347-4938','hello','2024-08-23 14:17:53','2024-08-23 14:17:53'),(4,NULL,'Muhammad','Bilal','bilalkhanx58@gmail.com','+971 55-886-9885','Hi','2024-09-04 16:43:14','2024-09-04 16:43:14'),(5,24,'Muhammad','Toseef','tousikhan186@gmail.com','+971 50-740-4783','testing contact us','2024-12-26 20:50:35','2024-12-26 20:50:35');
/*!40000 ALTER TABLE `contact_us` ENABLE KEYS */;
UNLOCK TABLES;

--
-- Table structure for table `failed_jobs`
--

DROP TABLE IF EXISTS `failed_jobs`;
/*!40101 SET @saved_cs_client     = @@character_set_client */;
/*!40101 SET character_set_client = utf8 */;
CREATE TABLE `failed_jobs` (
  `id` bigint unsigned NOT NULL AUTO_INCREMENT,
  `uuid` varchar(255) COLLATE utf8mb4_unicode_ci NOT NULL,
  `connection` text COLLATE utf8mb4_unicode_ci NOT NULL,
  `queue` text COLLATE utf8mb4_unicode_ci NOT NULL,
  `payload` longtext COLLATE utf8mb4_unicode_ci NOT NULL,
  `exception` longtext COLLATE utf8mb4_unicode_ci NOT NULL,
  `failed_at` timestamp NOT NULL DEFAULT CURRENT_TIMESTAMP,
  PRIMARY KEY (`id`),
  UNIQUE KEY `failed_jobs_uuid_unique` (`uuid`)
) ENGINE=InnoDB DEFAULT CHARSET=utf8mb4 COLLATE=utf8mb4_unicode_ci;
/*!40101 SET character_set_client = @saved_cs_client */;

--
-- Dumping data for table `failed_jobs`
--

LOCK TABLES `failed_jobs` WRITE;
/*!40000 ALTER TABLE `failed_jobs` DISABLE KEYS */;
/*!40000 ALTER TABLE `failed_jobs` ENABLE KEYS */;
UNLOCK TABLES;

--
-- Table structure for table `firebase_tokens`
--

DROP TABLE IF EXISTS `firebase_tokens`;
/*!40101 SET @saved_cs_client     = @@character_set_client */;
/*!40101 SET character_set_client = utf8 */;
CREATE TABLE `firebase_tokens` (
  `id` bigint unsigned NOT NULL AUTO_INCREMENT,
  `tokenable_type` varchar(255) COLLATE utf8mb4_unicode_ci NOT NULL,
  `tokenable_id` bigint unsigned NOT NULL,
  `token` varchar(255) COLLATE utf8mb4_unicode_ci DEFAULT NULL,
  `created_at` timestamp NULL DEFAULT NULL,
  `updated_at` timestamp NULL DEFAULT NULL,
  `deleted_at` timestamp NULL DEFAULT NULL,
  PRIMARY KEY (`id`),
  KEY `firebase_tokens_tokenable_type_tokenable_id_index` (`tokenable_type`,`tokenable_id`)
) ENGINE=InnoDB AUTO_INCREMENT=34 DEFAULT CHARSET=utf8mb4 COLLATE=utf8mb4_unicode_ci;
/*!40101 SET character_set_client = @saved_cs_client */;

--
-- Dumping data for table `firebase_tokens`
--

LOCK TABLES `firebase_tokens` WRITE;
/*!40000 ALTER TABLE `firebase_tokens` DISABLE KEYS */;
INSERT INTO `firebase_tokens` VALUES (1,'App\\Models\\Member',1,'eajGnHUtQoq6lhtob1wQgo:APA91bEeZ7a_-CbKjJ5TN8Lys04cBmVecpArFcKGQpnw29SvsiQjTyLU4THSjcLVn81YnKV9T1y2XI-oxt6TNnPRukopXcrmIpWHZlPXU-0DX5mjakQXyOcJGOnV8G64d7Oohfyis7rg','2024-08-16 13:12:09','2024-08-16 13:12:09',NULL),(2,'App\\Models\\Member',3,'efmt9IOZQ4K2VsiXo9SGKJ:APA91bH1sfSDoyGp4fKxymwHlrFH3ZxarWNI0MntsgmRYjW89DaGLFcgDv_YdFvOG9efT-9nlyTvk9mMEvonB4w8bp7e1mrmJO2FFa5BcLAp4PBs4ic4WTU1CxsNXyZlH6WaKCrg4KhS','2024-08-17 22:22:38','2024-08-17 22:22:38',NULL),(3,'App\\Models\\Member',4,'egAgw4kmQzaQRGyNociytG:APA91bGoCjQ2w0xEA7Zxh4s4-DGHtZ52br0AklSYhR2H1CA7F8ncxHDmY6LgPq7dDYfiqTOzeCgRxmyUJsUKhiTSskXfpKAOzzNa20szsfeHy0nuz71QWyB8Jnea2Vdt970OsqWLl246','2024-08-23 00:12:48','2024-08-23 00:12:48',NULL),(4,'App\\Models\\Member',7,'fxGy-VaIREWXsCE5P__Cr8:APA91bGx-pjLlIkeorWwaQk5bGNvxPA6XkjAMD2ZZmVi7-t_1FEKPRFIujhyqGETM8kAKHl-evt7Rg1QFFkW_y63xyGKsJVs4KMYFR_j4KGRvp8dMvFZRUCMQItOajJYPJjHgS5PHrKP','2024-08-23 09:49:10','2024-08-23 09:49:10',NULL),(5,'App\\Models\\Member',7,'eSx3QwliS2Kg3H5ltJM9vM:APA91bFqNswi4dyRIb809NE6Q1zJ9cyw6n8zimgV8KIy0-VT-hBTpXrpEdXI9W6xvCgYQT0VzPueA1Lpu_K6Auejc10mjgrl9j95FzetNTpLbSu4Z0bLZ1pJh2o_yGK7Wz4Js4O35xXM','2024-08-23 10:37:49','2024-08-23 10:37:49',NULL),(6,'App\\Models\\Member',7,'cO5XsfyzS9ygi0CFqSv4P2:APA91bGJobRqQaEnOsC23S_7Yj-8UHQ8FSutlOWa3SrqOFFtauDKP531uWnOJz1kHn7cT3MFszb48xHZKzfG7Q3wgNjsUq9WS-Rgc0joCjuhg98mmi1bzkjpPXTX46YTm_eesIyBt06O','2024-08-23 13:58:53','2024-08-23 13:58:53',NULL),(7,'App\\Models\\Member',8,'eRkhuQP2SMi6JoyH2GijLx:APA91bHjhbfBv1iCuYQl2i5J2cmrFb51KlMxZYAYkl6X-G_T7TKhSdbTJ3HzzCnWf1h-Yu6cFvs1-RWdIPjNPUltHIlss5pU4Cui92sjYtHG7PBANrfGqiMiv-Skzk_c_sYTobNCJH-L','2024-08-23 14:11:11','2024-08-23 14:11:11',NULL),(8,'App\\Models\\Member',9,'dWC97hwFQ1aGTHVUan34m2:APA91bEh5szhklmY_KxjUBbLDNv_2qHU3iqq899c5nkhN9TFDqXjHyKggBCG-TnVbIuoxatazO8kt2JCWLHmcmxQyhxZFp2qvZph4rRp8Msl7ItDuwzcdeut9Q3-OuiW95J93piA2KWe','2024-08-23 14:28:00','2024-08-23 14:28:00',NULL),(9,'App\\Models\\Member',12,'dzqWchOOS_C4isYBPuKGIx:APA91bGurUa_qVlAt5GjqfEgtzC3yUcV7tSux00MIzRNoRB-mLjxaCismNdCd4w021UMSgolv15XzUJcl5vfZwMZzYVHrm5_jzWzJMt54zSkwugRZPNegc0s7NFTidYVlgdt1ao6rAlm','2024-08-24 23:09:42','2024-08-24 23:09:42',NULL),(10,'App\\Models\\Member',13,'fpp-jjyaRfm9iVeXS0jFV9:APA91bEqDjFhkb320z6blc9W_V7bKkFkvKxvE6XLW8qmMErwc45I0y6_lhymJf3fvMk3mb0ZRr5g2kA2hR3HxSmb2ZNL9VTyQUeGc6SNKKWx6saUrX7vQId68Lna3aghFCNfvF-gbQRm','2024-08-25 16:20:23','2024-08-25 16:20:23',NULL),(11,'App\\Models\\Member',14,'fRCgNGwlQDWQQEQk8NeFcC:APA91bF8RagUGNVjO880WpzblKPs1jlHcUwTqtSUna-bKCa2ycLqSu5MPPMl20Lw6Wnr_uGBj8k2umBneNAVmwfokASmK-NJFfANqoiCxNVcB-IjbtdRDwT9YBMLS6lQ-1NgC9rqTS2O','2024-08-26 23:10:57','2024-08-26 23:10:57',NULL),(12,'App\\Models\\Member',15,'en7abL_SSmWkafatXApvPH:APA91bHjwIC5lse9PqJZnhc9rbDXPaPIhAPsk6-KB6vcRBU9-c4zIc1vu2tNORr02MZwJOYZV1iRudOPcX4_XFQjMq0dn1BrgtDS-nA3Q6AGGBfkl6k8TGe1B2TsW0VPKxDQlUlrjnUE','2024-09-04 16:39:27','2024-09-04 16:39:27',NULL),(13,'App\\Models\\Member',17,'d0aQmiB2TyyDp9zoiwpQ2u:APA91bGCyhIjR2y62GBf3uv820BJLkvOpH4DKxRKfN67cmv86K8gIVFj-KBZ1j1G9ZW-9am6g6srEx-NrHi34FQa5F_op9X_qWrgOL2AKuawbauMr6Wa75x8MVe8BCdprn2KZ5QV5AM2','2024-09-06 13:38:43','2024-09-06 13:38:43',NULL),(14,'App\\Models\\Member',17,'fm3QEJ8HSDGtNTor64aP9Y:APA91bFskFdsCa1xhLHLsY02bI1QnGlFFH0PtdnQJRFFmTM9lkypqHsfb5cWBYZP9NkJDdwUTRy1YV7ZAtvHLzTkbRMqRlHHToOZo-6Ski79z6sZJ7jsvOjE5p9teApQeQU3YDyt00eV','2024-09-09 18:16:37','2024-09-09 18:16:37',NULL),(15,'App\\Models\\Member',16,'fT3xo6WAQWqTbgh5uem3pK:APA91bFuE7EcXhBL_Ez4Q-BSvgWsT7TSlO2Rx80zplv-h2NnW2AV5zae2_S2dVOrqZ3NhYYbDP7x09Ou4EK57SaqZw4xFHWluPuofaIMeZLjuwiWCWDoTDb9M6Ap0_2vGFnQCBnhlfLZ','2024-09-09 21:32:38','2024-09-09 21:32:38',NULL),(16,'App\\Models\\Member',18,'en7abL_SSmWkafatXApvPH:APA91bGDo53WDlwn1C1LFqosRW63Kvy_PEvwYyACiOqYjMed-2xMKWUW46FrIAaIgGdXlyjJBRluVcimuxLB6f3snmb2-C-2Erp5VV2fwpwhRY5ksboJet5NW_kOIATcLfUtriNnvBqh','2024-09-10 14:51:38','2024-09-10 14:51:38',NULL),(17,'App\\Models\\Member',17,'fCtRV0ahSdyoTQpgcvQaeo:APA91bFo-3IzBZyDZCw1DswuyOlrZ-vq9ue8LTx0FnVgnVtuaK3Ifxbx710WPEM3loU91s8HDQBf2fqPWVoyd4BkL9BpLlVVngXwNnjQJ6m3r71jwc5OugYpTYWy6bxyJbr2AD9iuZXM','2024-09-10 17:12:31','2024-09-10 17:12:31',NULL),(18,'App\\Models\\Member',16,'c88I_CrTTiOszuIq_1qdUP:APA91bEualoS7lblEDP7rXghM1hD8CoXqW7IPPFNEa7ZDKKUdc9WWf7PmFsyI7EMxKbwzH--btabVD1r5y3btxzQu66W7icl1mjUQ6cdkFicw5wjzihLjnbDuRW_IQWfjBogY1xdq3Mt','2024-09-10 18:39:14','2024-09-10 18:39:14',NULL),(19,'App\\Models\\Member',17,'eZo8No3CQhuHTuB1XnAg7G:APA91bH2O-Biyh7IJ-q6SGEsTnG_BAO49WfbjFIY7P-jWTXPynRaPLj4ixvhusbmjC7agNEAV5CUleJiSVlGzGMxg7rO51uX-zKUzq_eeMnn5wGj-sYM33oJ1QhISI9BWWHEoDjEsnwL','2024-09-10 19:12:01','2024-09-10 19:12:01',NULL),(20,'App\\Models\\Member',19,'d8x0Nj-2RVuBdH8SCFsmTV:APA91bGAZhfKfEsfCaNJwYr1XlgBgGkKAbMeSOL4qK8WUrXvrrYfqzrPwnwquCl9ETP095FvL533VYEQ7edMa8niBeyPiX1n5MJKVJYRoE8TRWHX2C5-I63CDaVchhJjXWWzyG5wF2dP','2024-09-10 21:59:16','2024-09-10 21:59:16',NULL),(21,'App\\Models\\Member',17,'e4UDFeLUSlWJUB1HxKU4yF:APA91bHfbltZQy_ZHMM56wiH1ipr_eMhRrfbD-gn-FFoQYcRxFHl6hFOImXv3P2KQK8SohQf-uB3zTdzGQ9JFcoS5_AMBqijdOZ1HE8_sufe6A7joHZ3J--36j5-NAScm4U_HyC34SLK','2024-09-10 22:13:09','2024-09-10 22:13:09',NULL),(22,'App\\Models\\Member',19,'ctob0aQ7SEOMptjMGINMLY:APA91bF7QQyid6CX3CpQQymlOqnsH-LPMp33RNoq-iyJrbXLabe-NxsGxRmXQi8_gURmT5V9t17AOvrHgNtttPACdvs7HrLIOjwOQhYIJUXNlnKojlPMNuyfyiCG5Texu__DWUbCgmgE','2024-09-16 14:27:53','2024-09-16 14:27:53',NULL),(23,'App\\Models\\Member',19,'eO3UHPsERC-QhzZ5otml5n:APA91bGyitrttC7agh0wtJGtzNjcBrme8lJgWH6k5pxVfbuxqeXJ8klIobeXsIulFgoJjBIkUhaku1exQyQbmBHB79Lu5gQlpLdnxXZmwlNoc49vzmOJi0ZUiPcgkVpTbld7swAYj3eO','2024-09-16 17:14:09','2024-09-16 17:14:09',NULL),(24,'App\\Models\\Member',18,'en7abL_SSmWkafatXApvPH:APA91bGpMY2vifdyWKDI-Q2O2-oQDTeEN7evsP4hiopB-WhfdaPLBwK-xL7p4A6TDQcBtYGy5BoDrbiurc5hgnkFIvz8xF-lphLeR8dY0mR4HiuBNGqZoDfj8JMOV3n0WvhkYW7NSF7r','2024-09-18 10:57:39','2024-09-18 10:57:39',NULL),(25,'App\\Models\\Member',20,'eYYZi756QUKRonMjMtU3bh:APA91bFFbB5Py-0RDPbT_BoiaVP1ivXaNJpq_fJtRr2t-Z4o3T4AD9w1odmVulUgdQ3qFBHvbnO1RQxrqvKAM6ITVPhz4LQBcxsSDHkP1W4qKt8ky1YfYbQ','2024-12-15 10:32:37','2024-12-15 10:32:37',NULL),(26,'App\\Models\\Member',21,'f9vWVbbzSK-qQsVFOvFoqw:APA91bGKy80kdoaaCrGIOLg0JoB3Hl2d8V4fqFO2cjJTD4ARW0pv_5FU2UqafpUeGGeIpP_QK9sTmhLdBKQt42Dbk_p0u2NwSB8R9R0IGcK5SKvEYDGL9OU','2024-12-15 11:56:08','2024-12-15 11:56:08',NULL),(27,'App\\Models\\Member',22,'eFFo8FTpRDm-D7P_pxXbcB:APA91bHsCKbLOyr-SWq1lpA-GFDh_0idJ7JpROCKjKPIFClBKksQW_m2hu4sZDu25SVPdFi3Hk-00S6jf16RTZzgrWQObX1bFdpuGrxDqzJsKYLW-yLvrbY','2024-12-19 21:06:03','2024-12-19 21:06:03',NULL),(28,'App\\Models\\Member',23,'eJz05fqpQg6iqYaeURmU27:APA91bEVBfJvPGdHtKDN9kgUw6Tui40F6s6ToOU3LGqDA1A2Xrm4hPDdf8OV7_6ZV7mB55xFMjSMs_il9gLZ-XARh4UAijExua01b6Zd6awYbvFC_gppfKM','2024-12-20 11:37:22','2024-12-20 11:37:22',NULL),(29,'App\\Models\\Member',23,'f_Pb2luhRYS5X6CkquJ-oP:APA91bEiOEDNHhMn2uC39GfhaE6i6cHqcHQMPp-TH-y67x3LNPk5Zi1zWDSXRn8y-caMMvTuBfo9bC8PN7_3SSwJzEGa2svHBQWn2GToIq5WMAEMoKg81F8','2024-12-26 12:24:48','2024-12-26 12:24:48',NULL),(30,'App\\Models\\Member',23,'dR0KvUMSQZm2dS9nFk3cZI:APA91bHkw8HUdAwW1lV8RBteoIXXOIg9qbhfQpo5SMVtlYsUu3RH7AnGSZAhh6W5OxCGwj_FSmlquTAkB5Wqb3xv1Gt7Qm_dGBZjq2app-Zg2AzDFyeJbm0','2024-12-26 14:54:28','2024-12-26 14:54:28',NULL),(31,'App\\Models\\Member',23,'fc0zSJDrS1qMV2hATV6GQI:APA91bG48OIGauKEYfBzIxNUQPgnnFz7j90kHEznh5EcW9ycIfr9qir6T7JT6225kkhMX5MQ0YDFe-XlaUVLKsvZ2amR8t87UuYnCpbjHyyFuGp7N7hK1wo','2024-12-26 15:46:02','2024-12-26 15:46:02',NULL),(32,'App\\Models\\Member',24,'f8Y7ZI2URPy3JkhOXK8qWo:APA91bGDFytHV7g4L6_2wtj67Ee7pRMtN9L5CVkwTXa8bflAHu4cCU1wKTrBm2Ak4PUchTlxqmros-rkx0DwN8NQKgOrfmJgwSAK_TrO4PnHTFORCmoYoc4m2b6E_z7QgbvBI3KJxORN','2024-12-26 20:40:13','2024-12-26 20:40:13',NULL),(33,'App\\Models\\Member',24,'ffREAjEzSNGY8fq6nBOBSL:APA91bG4JH7QmZmqPbfRMLMcy-fOI3I6ftfSnPfHoAeEumFrUiddZkqfITO2JOaVEKIv_mediyRFtsUPsow85PgtLNR-Jn9e5N2lpikRFpaV5R3X8Fv3kcg','2024-12-30 21:29:44','2024-12-30 21:29:44',NULL);
/*!40000 ALTER TABLE `firebase_tokens` ENABLE KEYS */;
UNLOCK TABLES;

--
-- Table structure for table `freelancers`
--

DROP TABLE IF EXISTS `freelancers`;
/*!40101 SET @saved_cs_client     = @@character_set_client */;
/*!40101 SET character_set_client = utf8 */;
CREATE TABLE `freelancers` (
  `id` bigint unsigned NOT NULL AUTO_INCREMENT,
  `first_name` varchar(255) COLLATE utf8mb4_unicode_ci NOT NULL,
  `last_name` varchar(255) COLLATE utf8mb4_unicode_ci NOT NULL,
  `speciality` varchar(255) COLLATE utf8mb4_unicode_ci NOT NULL,
  `experience` varchar(255) COLLATE utf8mb4_unicode_ci NOT NULL,
  `phone` varchar(255) COLLATE utf8mb4_unicode_ci NOT NULL,
  `portfolio` varchar(255) COLLATE utf8mb4_unicode_ci DEFAULT NULL,
  `status` varchar(255) COLLATE utf8mb4_unicode_ci NOT NULL DEFAULT 'Pending',
  `created_at` timestamp NULL DEFAULT NULL,
  `updated_at` timestamp NULL DEFAULT NULL,
  `deleted_at` timestamp NULL DEFAULT NULL,
  PRIMARY KEY (`id`)
) ENGINE=InnoDB AUTO_INCREMENT=5 DEFAULT CHARSET=utf8mb4 COLLATE=utf8mb4_unicode_ci;
/*!40101 SET character_set_client = @saved_cs_client */;

--
-- Dumping data for table `freelancers`
--

LOCK TABLES `freelancers` WRITE;
/*!40000 ALTER TABLE `freelancers` DISABLE KEYS */;
INSERT INTO `freelancers` VALUES (1,'Test','App','24','4 years','+971 52-346-9894','https://renderrmedia.com/api/emai','Pending','2024-08-17 22:28:15','2024-08-17 22:28:15',NULL),(2,'Muhammad','Shahzad','28','10 years','+971 58-464-5156','https://entirtech.com','Pending','2024-12-19 21:23:45','2024-12-19 21:23:45',NULL),(3,'Niqab','khan','26','5 years','+971 58-835-6369','https://www.behance.net/naqibkhan','Pending','2024-12-19 21:30:54','2024-12-19 21:30:54',NULL),(4,'Talha','Khan','26','10 years','+971 54-435-3539','https://www.behance.net/naqibkhan','Pending','2024-12-19 21:36:59','2024-12-19 21:36:59',NULL);
/*!40000 ALTER TABLE `freelancers` ENABLE KEYS */;
UNLOCK TABLES;

--
-- Table structure for table `job_batches`
--

DROP TABLE IF EXISTS `job_batches`;
/*!40101 SET @saved_cs_client     = @@character_set_client */;
/*!40101 SET character_set_client = utf8 */;
CREATE TABLE `job_batches` (
  `id` varchar(255) COLLATE utf8mb4_unicode_ci NOT NULL,
  `name` varchar(255) COLLATE utf8mb4_unicode_ci NOT NULL,
  `total_jobs` int NOT NULL,
  `pending_jobs` int NOT NULL,
  `failed_jobs` int NOT NULL,
  `failed_job_ids` longtext COLLATE utf8mb4_unicode_ci NOT NULL,
  `options` mediumtext COLLATE utf8mb4_unicode_ci,
  `cancelled_at` int DEFAULT NULL,
  `created_at` int NOT NULL,
  `finished_at` int DEFAULT NULL,
  PRIMARY KEY (`id`)
) ENGINE=InnoDB DEFAULT CHARSET=utf8mb4 COLLATE=utf8mb4_unicode_ci;
/*!40101 SET character_set_client = @saved_cs_client */;

--
-- Dumping data for table `job_batches`
--

LOCK TABLES `job_batches` WRITE;
/*!40000 ALTER TABLE `job_batches` DISABLE KEYS */;
/*!40000 ALTER TABLE `job_batches` ENABLE KEYS */;
UNLOCK TABLES;

--
-- Table structure for table `jobs`
--

DROP TABLE IF EXISTS `jobs`;
/*!40101 SET @saved_cs_client     = @@character_set_client */;
/*!40101 SET character_set_client = utf8 */;
CREATE TABLE `jobs` (
  `id` bigint unsigned NOT NULL AUTO_INCREMENT,
  `queue` varchar(255) COLLATE utf8mb4_unicode_ci NOT NULL,
  `payload` longtext COLLATE utf8mb4_unicode_ci NOT NULL,
  `attempts` tinyint unsigned NOT NULL,
  `reserved_at` int unsigned DEFAULT NULL,
  `available_at` int unsigned NOT NULL,
  `created_at` int unsigned NOT NULL,
  PRIMARY KEY (`id`),
  KEY `jobs_queue_index` (`queue`)
) ENGINE=InnoDB DEFAULT CHARSET=utf8mb4 COLLATE=utf8mb4_unicode_ci;
/*!40101 SET character_set_client = @saved_cs_client */;

--
-- Dumping data for table `jobs`
--

LOCK TABLES `jobs` WRITE;
/*!40000 ALTER TABLE `jobs` DISABLE KEYS */;
/*!40000 ALTER TABLE `jobs` ENABLE KEYS */;
UNLOCK TABLES;

--
-- Table structure for table `media`
--

DROP TABLE IF EXISTS `media`;
/*!40101 SET @saved_cs_client     = @@character_set_client */;
/*!40101 SET character_set_client = utf8 */;
CREATE TABLE `media` (
  `id` bigint unsigned NOT NULL AUTO_INCREMENT,
  `model_type` varchar(255) COLLATE utf8mb4_unicode_ci NOT NULL,
  `model_id` bigint unsigned NOT NULL,
  `uuid` char(36) COLLATE utf8mb4_unicode_ci DEFAULT NULL,
  `collection_name` varchar(255) COLLATE utf8mb4_unicode_ci NOT NULL,
  `name` varchar(255) COLLATE utf8mb4_unicode_ci NOT NULL,
  `file_name` varchar(255) COLLATE utf8mb4_unicode_ci NOT NULL,
  `mime_type` varchar(255) COLLATE utf8mb4_unicode_ci DEFAULT NULL,
  `disk` varchar(255) COLLATE utf8mb4_unicode_ci NOT NULL,
  `conversions_disk` varchar(255) COLLATE utf8mb4_unicode_ci DEFAULT NULL,
  `size` bigint unsigned NOT NULL,
  `manipulations` json NOT NULL,
  `custom_properties` json NOT NULL,
  `generated_conversions` json NOT NULL,
  `responsive_images` json NOT NULL,
  `order_column` int unsigned DEFAULT NULL,
  `created_at` timestamp NULL DEFAULT NULL,
  `updated_at` timestamp NULL DEFAULT NULL,
  PRIMARY KEY (`id`),
  UNIQUE KEY `media_uuid_unique` (`uuid`),
  KEY `media_model_type_model_id_index` (`model_type`,`model_id`),
  KEY `media_order_column_index` (`order_column`)
) ENGINE=InnoDB AUTO_INCREMENT=67 DEFAULT CHARSET=utf8mb4 COLLATE=utf8mb4_unicode_ci;
/*!40101 SET character_set_client = @saved_cs_client */;

--
-- Dumping data for table `media`
--

LOCK TABLES `media` WRITE;
/*!40000 ALTER TABLE `media` DISABLE KEYS */;
INSERT INTO `media` VALUES (52,'App\\Models\\Category',1,'481ee341-b860-4687-a896-de628355c927','Cover','videography.png','videography.png','image/png','public','public',32732,'[]','[]','[]','[]',1,'2024-08-08 12:39:23','2024-08-08 12:39:23'),(53,'App\\Models\\Category',5,'7c75a2e2-ef4c-4692-91df-0425180c6ef4','Cover','photography-edit.png','photography-edit.png','image/png','public','public',34837,'[]','[]','[]','[]',1,'2024-08-08 12:39:23','2024-08-08 12:39:23'),(54,'App\\Models\\Category',9,'39494e5c-1735-4223-a086-a397a853718f','Cover','video-shoot-edit.png','video-shoot-edit.png','image/png','public','public',34175,'[]','[]','[]','[]',1,'2024-08-08 12:39:23','2024-08-08 12:39:23'),(55,'App\\Models\\Category',13,'c061a40b-ee33-4de8-b580-c08511d56b1d','Cover','script-writer-story-board.png','script-writer-story-board.png','image/png','public','public',23412,'[]','[]','[]','[]',1,'2024-08-08 12:39:23','2024-08-08 12:39:23'),(56,'App\\Models\\Category',17,'552c3835-a866-4314-a25b-93a5df7f3850','Cover','content-creator.png','content-creator.png','image/png','public','public',34372,'[]','[]','[]','[]',1,'2024-08-08 12:39:23','2024-08-08 12:39:23'),(57,'App\\Models\\Category',21,'ebd58803-2ad0-432d-8ac1-31bc9d56ed6c','Cover','editing.png','editing.png','image/png','public','public',28527,'[]','[]','[]','[]',1,'2024-08-08 12:39:23','2024-08-08 12:39:23'),(59,'App\\Models\\Member',1,'75043cc7-6c62-4e96-b351-d3aa0698956d','Avatar','427878400_2113897765663186_1727771769653013954_n','427878400_2113897765663186_1727771769653013954_n.jpg','image/jpeg','public','public',31855,'[]','[]','[]','[]',1,'2024-08-12 08:38:25','2024-08-12 08:38:25'),(63,'App\\Models\\Member',7,'3b2bc52e-ddd7-4d80-aa10-261fed98beac','Avatar','1000000044','1000000044.jpg','image/jpeg','public','public',2877046,'[]','[]','[]','[]',4,'2024-08-23 00:44:14','2024-08-23 00:44:14'),(65,'App\\Models\\Member',22,'0ad92de0-55c8-4cb5-b2e2-854964a1e51a','Avatar','IMG_20241217_143134','IMG_20241217_143134.jpg','image/jpeg','public','public',135573,'[]','[]','[]','[]',1,'2024-12-20 11:28:14','2024-12-20 11:28:14'),(66,'App\\Models\\Category',25,'c17ded55-c542-4892-b60a-95c959ebe4f0','Cover','WhatsApp Image 2025-01-02 at 4.31.36 PM','WhatsApp-Image-2025-01-02-at-4.31.36-PM.jpeg','image/jpeg','public','public',116055,'[]','[]','[]','[]',2,'2025-01-04 16:05:46','2025-01-04 16:05:46');
/*!40000 ALTER TABLE `media` ENABLE KEYS */;
UNLOCK TABLES;

--
-- Table structure for table `members`
--

DROP TABLE IF EXISTS `members`;
/*!40101 SET @saved_cs_client     = @@character_set_client */;
/*!40101 SET character_set_client = utf8 */;
CREATE TABLE `members` (
  `id` bigint unsigned NOT NULL AUTO_INCREMENT,
  `first_name` varchar(255) COLLATE utf8mb4_unicode_ci NOT NULL,
  `last_name` varchar(255) COLLATE utf8mb4_unicode_ci NOT NULL,
  `email` varchar(255) COLLATE utf8mb4_unicode_ci NOT NULL,
  `email_verified_at` timestamp NULL DEFAULT NULL,
  `phone` varchar(255) COLLATE utf8mb4_unicode_ci NOT NULL,
  `gender` varchar(255) COLLATE utf8mb4_unicode_ci NOT NULL,
  `dob` date DEFAULT NULL,
  `password` varchar(255) COLLATE utf8mb4_unicode_ci NOT NULL,
  `remember_token` varchar(100) COLLATE utf8mb4_unicode_ci DEFAULT NULL,
  `created_at` timestamp NULL DEFAULT NULL,
  `updated_at` timestamp NULL DEFAULT NULL,
  PRIMARY KEY (`id`),
  UNIQUE KEY `members_email_unique` (`email`),
  UNIQUE KEY `members_phone_unique` (`phone`)
) ENGINE=InnoDB AUTO_INCREMENT=25 DEFAULT CHARSET=utf8mb4 COLLATE=utf8mb4_unicode_ci;
/*!40101 SET character_set_client = @saved_cs_client */;

--
-- Dumping data for table `members`
--

LOCK TABLES `members` WRITE;
/*!40000 ALTER TABLE `members` DISABLE KEYS */;
INSERT INTO `members` VALUES (1,'Shah','Sawood','cust@privacylock.com','2024-08-12 08:33:45','+971 50-123-4547','Male','2024-08-01','$2y$12$7DfqTvB0jMzgzZGeX0ltYuPWzRBbIi.7C8V.hlhN2ZTvFSWDcH7Ze',NULL,'2024-08-12 08:32:34','2025-01-04 16:27:12'),(2,'Admin','Adam','admin12@yopmail.com',NULL,'+971 52-346-8754','Male',NULL,'$2y$12$zvEO/5bQkWEkybaREGbwMeCubxe6efUc2mNlf0ZpBTWFNk5ym56na',NULL,'2024-08-17 21:57:12','2024-08-17 21:57:12'),(3,'Adam','Render','admin123@yopmail.com','2024-08-17 22:07:43','+971 52-346-5467','Male','2024-08-17','$2y$12$svTGoCa0LYrQP3ddDnVm8uNmPW.Rf6P4yIjtr2G6MXVlJF17vxUr6',NULL,'2024-08-17 22:04:09','2024-08-17 22:57:16'),(4,'Zain','Khan','zain12@yopmail.com',NULL,'+971 52-346-8769','Male',NULL,'$2y$12$FOXieytW7wy15mS6vq.c7ONZEMkFn3FpXroecJuA/yJuYlpJk0FL.',NULL,'2024-08-23 00:12:47','2024-08-23 00:12:47'),(5,'Zain','Khan','zain13@yopmail.com',NULL,'+971 52-346-8708','Male',NULL,'$2y$12$X5HcP72aIF41FB5cOKwCUe6QeJK9xxHBe5gyt4YSDNIuU/gvpW0ra',NULL,'2024-08-23 00:16:51','2024-08-23 00:16:51'),(7,'Zain','Khan','zain15@yopmail.com','2024-08-23 00:20:49','+971 52-346-8536','Male',NULL,'$2y$12$1OQmUaRDcLfOIbA/Y8qdpOUlKid/QkZFvgvNp5u0/2VXvotjt76k6',NULL,'2024-08-23 00:19:41','2024-08-23 00:54:58'),(9,'khan','khan','shaabbdhs@gmail.com','2024-09-18 11:29:08','+971 64-848-848','Male',NULL,'$2y$12$gK6E9gIWE4l1JLB7RwxlXeJzLcMTAl7VimOuVfsX6vjlEjDiOU7v.',NULL,'2024-08-23 14:27:58','2024-09-18 11:29:08'),(10,'khan','khan','sk3803739@gmail.com','2024-09-18 11:29:27','+971 52-548-4649','Male',NULL,'$2y$12$6WJEo6fF274UnFNvYjpnLOuf4mbsr5z5dyLlaQQpJGgmGftrZJMdS',NULL,'2024-08-23 14:30:18','2024-09-18 11:29:27'),(12,'Zain','test','zain55@yopmail.com','2024-09-18 11:29:18','+971 52-367-8942','Male',NULL,'$2y$12$KkpNozgVvjST06a7fkbGM.SIZvvqcSlY7K9Cn4Yc/YYjWKo/mm0Mi',NULL,'2024-08-24 23:09:40','2024-09-18 11:29:18'),(13,'Shah','Sawood','shahsawoodshinwari+1@gmail.com','2024-08-25 16:20:52','+971 52-347-4938','Male',NULL,'$2y$12$RpSSKO8stX0yKo.EzVjqGeS6zDDjEbFXFH.V3UpZP.nPXrW6JGp5e',NULL,'2024-08-25 16:20:22','2024-08-25 16:20:52'),(14,'Muhammad','Shahzad','muhammad.shahzad.sqa@gmail.com','2024-08-26 23:12:29','+971 56-848-4546','Male',NULL,'$2y$12$rpStrIkKDY4yktF.prg6X.YRMDn1LEhPtQgp3PY3vS334W3EwrY/W',NULL,'2024-08-26 23:10:55','2024-12-15 10:37:14'),(17,'Zain','Khan','zain112@yopmail.com','2024-09-06 13:39:16','+971 52-346-5523','Male','2024-09-06','$2y$12$hmwMEl0pIe6FgXiGG2ThaOVUSOm.GtHH4PvdRa.G8z2cweljNw9B2',NULL,'2024-09-06 13:38:41','2024-09-16 10:42:07'),(18,'Bilal','khan','bilalkhanx58@gmail.com','2024-09-10 14:52:08','+971 56-464-8132','Male','2024-09-10','$2y$12$ALVe4qDpUMGrY6LF5V1cSev5.lBDduQ3PAT446AFQ9ZDRUxwFc77q',NULL,'2024-09-10 14:51:37','2024-09-18 10:57:17'),(20,'Muhammad','Shahzad','m.shahzad.sqa@gmail.com',NULL,'+971 55-525-8849','Male',NULL,'$2y$12$An4cLpwLsCHIxDCvPi/z1.RkDSxbDi1s7AzIcVbbj5U.b6IUUB72G',NULL,'2024-12-15 10:32:36','2024-12-15 10:32:36'),(21,'Ahmad','Ali','amnahmad52@gmail.com','2024-12-15 11:56:33','+971 58-817-8755','Male',NULL,'$2y$12$UTF/D1G4ROc5b2RjXOs26evUQU1QnPTNXTwSqQU0Q/yZtelZ2SIx6',NULL,'2024-12-15 11:56:06','2024-12-15 11:56:33'),(22,'sudais','ali','mezbanaka@gmail.com','2024-12-19 21:06:29','+971 54-435-3539','Male','2002-12-01','$2y$12$W5bWA8k/y4PlplSTjcX33eN9VrvsLOhAt82ipu7A/txvcKlNvuZqu',NULL,'2024-12-19 21:06:02','2024-12-20 11:28:49'),(23,'Test','User','zain11@yopmail.com','2024-12-20 11:38:26','+971 54-433-3539','Male','2002-12-04','$2y$12$tD7CzMCLMy3nHtuLoEyoQO1eQAItSyN/CY1cVsaG63jYlCIpFqgO2',NULL,'2024-12-20 11:37:20','2024-12-26 15:46:50'),(24,'Muhammad','Toseef','tousikhan186@gmail.com','2024-12-26 20:40:36','+971 50-740-4783','Male','2024-12-26','$2y$12$OwTOjRSpnX3Xuf5be76M5eabL90oLeVur6nSDzoXP1zF4zpRyB4sG',NULL,'2024-12-26 20:40:11','2024-12-26 20:44:51');
/*!40000 ALTER TABLE `members` ENABLE KEYS */;
UNLOCK TABLES;

--
-- Table structure for table `migrations`
--

DROP TABLE IF EXISTS `migrations`;
/*!40101 SET @saved_cs_client     = @@character_set_client */;
/*!40101 SET character_set_client = utf8 */;
CREATE TABLE `migrations` (
  `id` int unsigned NOT NULL AUTO_INCREMENT,
  `migration` varchar(255) COLLATE utf8mb4_unicode_ci NOT NULL,
  `batch` int NOT NULL,
  PRIMARY KEY (`id`)
) ENGINE=InnoDB AUTO_INCREMENT=19 DEFAULT CHARSET=utf8mb4 COLLATE=utf8mb4_unicode_ci;
/*!40101 SET character_set_client = @saved_cs_client */;

--
-- Dumping data for table `migrations`
--

LOCK TABLES `migrations` WRITE;
/*!40000 ALTER TABLE `migrations` DISABLE KEYS */;
INSERT INTO `migrations` VALUES (1,'0001_01_01_000000_create_users_table',1),(2,'0001_01_01_000001_create_cache_table',1),(3,'0001_01_01_000002_create_jobs_table',1),(4,'2019_05_11_000000_create_otps_table',1),(5,'2024_03_28_162144_create_media_table',1),(6,'2024_03_28_162642_create_categories_table',1),(7,'2024_03_28_174828_create_members_table',1),(8,'2024_03_28_175002_create_pages_table',1),(9,'2024_03_28_175043_create_FAQs_table',1),(10,'2024_03_28_175101_create_contact_us_table',1),(11,'2024_03_29_110729_create_personal_access_tokens_table',1),(12,'2024_03_29_180400_create_bookings_table',1),(13,'2024_04_02_200627_create_freelancers_table',1),(14,'2024_07_26_125942_create_notifications_table',1),(15,'2024_07_26_150619_create_firebase_tokens_table',1),(16,'2024_07_29_100929_create_tickets_table',1),(17,'2024_07_29_221547_create_replies_table',1),(18,'2025_01_04_164112_alter_bookings_add_sub_category_details',2);
/*!40000 ALTER TABLE `migrations` ENABLE KEYS */;
UNLOCK TABLES;

--
-- Table structure for table `notifications`
--

DROP TABLE IF EXISTS `notifications`;
/*!40101 SET @saved_cs_client     = @@character_set_client */;
/*!40101 SET character_set_client = utf8 */;
CREATE TABLE `notifications` (
  `id` char(36) COLLATE utf8mb4_unicode_ci NOT NULL,
  `type` varchar(255) COLLATE utf8mb4_unicode_ci NOT NULL,
  `notifiable_type` varchar(255) COLLATE utf8mb4_unicode_ci NOT NULL,
  `notifiable_id` bigint unsigned NOT NULL,
  `data` text COLLATE utf8mb4_unicode_ci NOT NULL,
  `read_at` timestamp NULL DEFAULT NULL,
  `created_at` timestamp NULL DEFAULT NULL,
  `updated_at` timestamp NULL DEFAULT NULL,
  PRIMARY KEY (`id`),
  KEY `notifications_notifiable_type_notifiable_id_index` (`notifiable_type`,`notifiable_id`)
) ENGINE=InnoDB DEFAULT CHARSET=utf8mb4 COLLATE=utf8mb4_unicode_ci;
/*!40101 SET character_set_client = @saved_cs_client */;

--
-- Dumping data for table `notifications`
--

LOCK TABLES `notifications` WRITE;
/*!40000 ALTER TABLE `notifications` DISABLE KEYS */;
INSERT INTO `notifications` VALUES ('04c8bd29-920a-4530-ac0f-e7d0edab71f4','App\\Notifications\\SuperAdminDBNotification','App\\Models\\User',1,'{\"message\":\"New booking request from Shah Sawood\",\"type\":\"booking\",\"extra\":{\"model\":{\"request_status\":\"Pending\",\"payment_status\":\"Unpaid\",\"category_id\":\"1\",\"sub_category_id\":\"2\",\"lat\":\"38.6742286\",\"lng\":\"29.4058825\",\"date\":\"2024-12-29T20:00:00.000000Z\",\"time\":\"2024-12-19T08:00:00.000000Z\",\"address\":\"U\\u015fak, U\\u015fak Merkez\\/U\\u015fak, T\\u00fcrkiye\",\"member_first_name\":\"Shah\",\"member_last_name\":\"Sawood\",\"member_email\":\"cust@privacylock.com\",\"member_phone\":\"+971 50-123-4547\",\"shooting_type\":\"Business\",\"additional_details\":\"please check typo fixed\",\"member_id\":1,\"booking_id\":1734629870,\"updated_at\":\"2024-12-19T17:37:50.000000Z\",\"created_at\":\"2024-12-19T17:37:50.000000Z\",\"id\":10,\"member\":{\"id\":1,\"first_name\":\"Shah\",\"last_name\":\"Sawood\",\"email\":\"cust@privacylock.com\",\"email_verified_at\":\"2024-08-12 08:33:45\",\"phone\":\"+971 50-123-4547\",\"gender\":\"Male\",\"dob\":\"2024-08-01\",\"password\":\"$2y$12$dEvPXJmL\\/8aKf6aZoYyA\\/ulGdgL8pf.J9euQX.Cp7092SjIWy3F1e\",\"remember_token\":null,\"created_at\":\"2024-08-12T04:32:34.000000Z\",\"updated_at\":\"2024-12-19T17:32:17.000000Z\"}}}}',NULL,'2024-12-19 21:37:51','2024-12-19 21:37:51'),('0783ee2e-d651-488d-8c59-e7274667ec1a','App\\Notifications\\SuperAdminDBNotification','App\\Models\\User',1,'{\"message\":\"New booking request from Muhammad Shahzad\",\"type\":\"booking\",\"extra\":{\"model\":{\"request_status\":\"Pending\",\"payment_status\":\"Unpaid\",\"category_id\":\"1\",\"sub_category_id\":\"2\",\"lat\":\"25.2048493\",\"lng\":\"55.2707828\",\"date\":\"2024-12-27T20:00:00.000000Z\",\"time\":\"2024-12-15T07:39:00.000000Z\",\"address\":\"Dubai - United Arab Emirates\",\"member_first_name\":\"Muhammad\",\"member_last_name\":\"Shahzad\",\"member_email\":\"muhammad.shahzad.sqa@gmail.com\",\"member_phone\":\"+971 56-848-4546\",\"shooting_type\":\"Business\",\"member_id\":14,\"booking_id\":1734244754,\"updated_at\":\"2024-12-15T06:39:14.000000Z\",\"created_at\":\"2024-12-15T06:39:14.000000Z\",\"id\":6,\"member\":{\"id\":14,\"first_name\":\"Muhammad\",\"last_name\":\"Shahzad\",\"email\":\"muhammad.shahzad.sqa@gmail.com\",\"email_verified_at\":\"2024-08-26 23:12:29\",\"phone\":\"+971 56-848-4546\",\"gender\":\"Male\",\"dob\":null,\"password\":\"$2y$12$rpStrIkKDY4yktF.prg6X.YRMDn1LEhPtQgp3PY3vS334W3EwrY\\/W\",\"remember_token\":null,\"created_at\":\"2024-08-26T19:10:55.000000Z\",\"updated_at\":\"2024-12-15T06:37:14.000000Z\"}}}}',NULL,'2024-12-15 10:39:15','2024-12-15 10:39:15'),('0e1e425c-f294-4b0f-9007-5580b090830e','App\\Notifications\\PushNotification','App\\Models\\Member',1,'{\"title\":\"New booking request\",\"message\":\"Thanks for submitting your request. Our team will get in touch with you shortly.\",\"extra\":{\"type\":\"booking\"}}',NULL,'2024-12-19 21:34:14','2024-12-19 21:34:14'),('11574474-b872-41c5-afca-6deda46e995d','App\\Notifications\\SuperAdminDBNotification','App\\Models\\User',1,'{\"message\":\"New booking request from Muhammad Toseef\",\"type\":\"booking\",\"extra\":{\"model\":{\"request_status\":\"Pending\",\"payment_status\":\"Unpaid\",\"category_id\":\"1\",\"sub_category_id\":\"2\",\"lat\":\"25.1244892\",\"lng\":\"55.403757\",\"date\":\"2024-12-30T20:00:00.000000Z\",\"time\":\"2024-12-26T19:41:00.000000Z\",\"address\":\"Silicon Oasis - Dubai - United Arab Emirates\",\"member_first_name\":\"Muhammad\",\"member_last_name\":\"Toseef\",\"member_email\":\"tousikhan186@gmail.com\",\"member_phone\":\"+971 50-740-4783\",\"shooting_type\":\"Individual\",\"additional_details\":\"testing: need video graphics for 3 days.\",\"member_id\":24,\"booking_id\":1735231353,\"updated_at\":\"2024-12-26T16:42:33.000000Z\",\"created_at\":\"2024-12-26T16:42:33.000000Z\",\"id\":13,\"member\":{\"id\":24,\"first_name\":\"Muhammad\",\"last_name\":\"Toseef\",\"email\":\"tousikhan186@gmail.com\",\"email_verified_at\":\"2024-12-26 20:40:36\",\"phone\":\"+971 50-740-4783\",\"gender\":\"Male\",\"dob\":null,\"password\":\"$2y$12$OwTOjRSpnX3Xuf5be76M5eabL90oLeVur6nSDzoXP1zF4zpRyB4sG\",\"remember_token\":null,\"created_at\":\"2024-12-26T16:40:11.000000Z\",\"updated_at\":\"2024-12-26T16:40:36.000000Z\"}}}}',NULL,'2024-12-26 20:42:34','2024-12-26 20:42:34'),('1813f9d7-430b-4547-9b10-3f671a45481e','App\\Notifications\\PushNotification','App\\Models\\Member',1,'{\"title\":\"New booking request\",\"message\":\"Thanks for submitting your request. Our team will get in touch with you shortly.\",\"extra\":{\"type\":\"booking\"}}',NULL,'2024-12-19 21:37:51','2024-12-19 21:37:51'),('1e9572b7-ad71-46de-8537-aa41583d74ad','App\\Notifications\\SuperAdminDBNotification','App\\Models\\User',1,'{\"message\":\"New booking request from Test User\",\"type\":\"booking\",\"extra\":{\"model\":{\"request_status\":\"Pending\",\"payment_status\":\"Unpaid\",\"category_id\":\"1\",\"sub_category_id\":\"3\",\"lat\":33.5564863999999971611032378859817981719970703125,\"lng\":72.8340620999999970308635965920984745025634765625,\"date\":\"2024-12-26T20:00:00.000000Z\",\"time\":\"2024-12-26T13:25:00.000000Z\",\"address\":\"Islamabad International Airport\",\"member_first_name\":\"Test\",\"member_last_name\":\"User\",\"member_email\":\"zain11@yopmail.com\",\"member_phone\":\"+971 54-433-3539\",\"shooting_type\":\"Individual\",\"additional_details\":\"Test User order to check it\",\"member_id\":23,\"booking_id\":1735209787,\"updated_at\":\"2024-12-26T10:43:07.000000Z\",\"created_at\":\"2024-12-26T10:43:07.000000Z\",\"id\":12,\"member\":{\"id\":23,\"first_name\":\"Test\",\"last_name\":\"User\",\"email\":\"zain11@yopmail.com\",\"email_verified_at\":\"2024-12-20 11:38:26\",\"phone\":\"+971 54-433-3539\",\"gender\":\"Male\",\"dob\":null,\"password\":\"$2y$12$tD7CzMCLMy3nHtuLoEyoQO1eQAItSyN\\/CY1cVsaG63jYlCIpFqgO2\",\"remember_token\":null,\"created_at\":\"2024-12-20T07:37:20.000000Z\",\"updated_at\":\"2024-12-26T08:23:02.000000Z\"}}}}',NULL,'2024-12-26 14:43:09','2024-12-26 14:43:09'),('1f7fbd3a-a8f2-417b-a2db-acac38e536c9','App\\Notifications\\PushNotification','App\\Models\\Member',22,'{\"title\":\"Ticket Closed\",\"message\":\"Your ticket has been closed.\",\"extra\":[]}',NULL,'2024-12-23 16:31:28','2024-12-23 16:31:28'),('3a5c2acd-4c87-43e0-8dda-4662df5e25c5','App\\Notifications\\PushNotification','App\\Models\\Member',22,'{\"title\":\"New ticket\",\"message\":\"Thanks for submitting your request. Our team will get in touch with you shortly.\",\"extra\":{\"type\":\"ticket\"}}',NULL,'2024-12-23 16:05:43','2024-12-23 16:05:43'),('3ff51b50-b4d8-4ab2-8d12-eee8aead5586','App\\Notifications\\SuperAdminDBNotification','App\\Models\\User',1,'{\"message\":\"shaka shaka sent a new message to thier ticket [#1000].\",\"type\":\"ticket\",\"extra\":{\"model\":{\"id\":1,\"member_id\":19,\"ticket_id\":\"1000\",\"title\":\"cance my boking\",\"description\":\"my booking hahavskahsfag\",\"status\":\"Open\",\"closed_at\":\"2024-09-18T10:24:04.000000Z\",\"reopned_at\":\"2024-09-18T10:25:01.000000Z\",\"created_at\":\"2024-09-18T10:22:20.000000Z\",\"updated_at\":\"2024-09-18T10:25:01.000000Z\",\"member\":{\"id\":19,\"first_name\":\"shaka\",\"last_name\":\"shaka\",\"email\":\"shahsawoodshinwari@gmail.com\",\"email_verified_at\":\"2024-09-10 21:59:44\",\"phone\":\"+971 52-347-4000\",\"gender\":\"Male\",\"dob\":null,\"password\":\"$2y$12$rw1T58XN.fjfe39NuR0euOL2PNpSbkJ3jBDVShZr.qllSb4cs1szq\",\"remember_token\":\"0xlAnUpHFkvugMMq0zPkkOww0frlQ0eGEFBCdZaYs4RX7o2ehspJAerhccaq\",\"created_at\":\"2024-09-10T17:59:14.000000Z\",\"updated_at\":\"2024-09-16T10:27:31.000000Z\"}}}}',NULL,'2024-09-18 14:34:22','2024-09-18 14:34:22'),('43d78b3a-46e2-49ad-94e6-7f93f4abae14','App\\Notifications\\SuperAdminDBNotification','App\\Models\\User',1,'{\"message\":\"sudais ali sent a new message to thier ticket [#1002].\",\"type\":\"ticket\",\"extra\":{\"model\":{\"id\":3,\"member_id\":22,\"ticket_id\":\"1002\",\"title\":\"app errora testing\",\"description\":\"I cannot book oppointment on commercial videography please resolve this (testing ticket secction)\",\"status\":\"Open\",\"closed_at\":null,\"reopned_at\":null,\"created_at\":\"2024-12-23T12:05:43.000000Z\",\"updated_at\":\"2024-12-23T12:05:43.000000Z\",\"member\":{\"id\":22,\"first_name\":\"sudais\",\"last_name\":\"ali\",\"email\":\"mezbanaka@gmail.com\",\"email_verified_at\":\"2024-12-19 21:06:29\",\"phone\":\"+971 54-435-3539\",\"gender\":\"Male\",\"dob\":\"2002-12-01\",\"password\":\"$2y$12$W5bWA8k\\/y4PlplSTjcX33eN9VrvsLOhAt82ipu7A\\/txvcKlNvuZqu\",\"remember_token\":null,\"created_at\":\"2024-12-19T17:06:02.000000Z\",\"updated_at\":\"2024-12-20T07:28:49.000000Z\"}}}}',NULL,'2024-12-23 16:26:54','2024-12-23 16:26:54'),('45980d6d-474d-4a40-8b27-5e01c12125c9','App\\Notifications\\SuperAdminDBNotification','App\\Models\\User',1,'{\"message\":\"shaka shaka sent a new message to thier ticket [#1000].\",\"type\":\"ticket\",\"extra\":{\"model\":{\"id\":1,\"member_id\":19,\"ticket_id\":\"1000\",\"title\":\"cance my boking\",\"description\":\"my booking hahavskahsfag\",\"status\":\"Open\",\"closed_at\":\"2024-09-18T10:24:04.000000Z\",\"reopned_at\":\"2024-09-18T10:25:01.000000Z\",\"created_at\":\"2024-09-18T10:22:20.000000Z\",\"updated_at\":\"2024-09-18T10:25:01.000000Z\",\"member\":{\"id\":19,\"first_name\":\"shaka\",\"last_name\":\"shaka\",\"email\":\"shahsawoodshinwari@gmail.com\",\"email_verified_at\":\"2024-09-10 21:59:44\",\"phone\":\"+971 52-347-4000\",\"gender\":\"Male\",\"dob\":null,\"password\":\"$2y$12$rw1T58XN.fjfe39NuR0euOL2PNpSbkJ3jBDVShZr.qllSb4cs1szq\",\"remember_token\":\"0xlAnUpHFkvugMMq0zPkkOww0frlQ0eGEFBCdZaYs4RX7o2ehspJAerhccaq\",\"created_at\":\"2024-09-10T17:59:14.000000Z\",\"updated_at\":\"2024-09-16T10:27:31.000000Z\"}}}}',NULL,'2024-09-18 14:32:43','2024-09-18 14:32:43'),('49522db1-c3e2-49cb-8f6e-a070d1846f85','App\\Notifications\\SuperAdminDBNotification','App\\Models\\User',1,'{\"message\":\"New booking request from shaka shaka\",\"type\":\"booking\",\"extra\":{\"model\":{\"request_status\":\"Pending\",\"payment_status\":\"Unpaid\",\"category_id\":\"21\",\"sub_category_id\":\"23\",\"lat\":\"31.44694319999999\",\"lng\":\"74.2963317\",\"date\":\"2024-09-29T20:00:00.000000Z\",\"time\":\"2024-09-18T11:14:00.000000Z\",\"address\":\"Lajhna Chowk, College Road, Block 1 Sector C-1 Block 1 Township Sector C 1 Lahore, Pakistan\",\"member_first_name\":\"shaka\",\"member_last_name\":\"shaka\",\"member_email\":\"shahsawoodshinwari@gmail.com\",\"member_phone\":\"+971 52-347-4000\",\"shooting_type\":\"Business\",\"member_id\":19,\"booking_id\":1726654469,\"updated_at\":\"2024-09-18T10:14:29.000000Z\",\"created_at\":\"2024-09-18T10:14:29.000000Z\",\"id\":4,\"member\":{\"id\":19,\"first_name\":\"shaka\",\"last_name\":\"shaka\",\"email\":\"shahsawoodshinwari@gmail.com\",\"email_verified_at\":\"2024-09-10 21:59:44\",\"phone\":\"+971 52-347-4000\",\"gender\":\"Male\",\"dob\":null,\"password\":\"$2y$12$rw1T58XN.fjfe39NuR0euOL2PNpSbkJ3jBDVShZr.qllSb4cs1szq\",\"remember_token\":\"0xlAnUpHFkvugMMq0zPkkOww0frlQ0eGEFBCdZaYs4RX7o2ehspJAerhccaq\",\"created_at\":\"2024-09-10T17:59:14.000000Z\",\"updated_at\":\"2024-09-16T10:27:31.000000Z\"}}}}',NULL,'2024-09-18 14:14:30','2024-09-18 14:14:30'),('50a0318f-8b1e-4594-8d6c-83aff4d14d1d','App\\Notifications\\PushNotification','App\\Models\\Member',23,'{\"title\":\"New booking request\",\"message\":\"Thanks for submitting your request. Our team will get in touch with you shortly.\",\"extra\":{\"type\":\"booking\"}}',NULL,'2024-12-26 14:43:09','2024-12-26 14:43:09'),('543fdf9a-c4ad-403c-99aa-625bd6c5677a','App\\Notifications\\SuperAdminDBNotification','App\\Models\\User',1,'{\"message\":\"New booking request from shaka shaka\",\"type\":\"booking\",\"extra\":{\"model\":{\"request_status\":\"Pending\",\"payment_status\":\"Unpaid\",\"category_id\":\"9\",\"sub_category_id\":\"10\",\"lat\":\"31.44694319999999\",\"lng\":\"74.2963317\",\"date\":\"2024-09-15T20:00:00.000000Z\",\"time\":\"2024-09-18T10:09:00.000000Z\",\"address\":\"Lajhna Chowk, College Road, Block 1 Sector C-1 Block 1 Township Sector C 1 Lahore, Pakistan\",\"member_first_name\":\"shaka\",\"member_last_name\":\"shaka\",\"member_email\":\"shahsawoodshinwari@gmail.com\",\"member_phone\":\"+971 52-347-4000\",\"shooting_type\":\"Business\",\"member_id\":19,\"booking_id\":1726654796,\"updated_at\":\"2024-09-18T10:19:56.000000Z\",\"created_at\":\"2024-09-18T10:19:56.000000Z\",\"id\":5,\"member\":{\"id\":19,\"first_name\":\"shaka\",\"last_name\":\"shaka\",\"email\":\"shahsawoodshinwari@gmail.com\",\"email_verified_at\":\"2024-09-10 21:59:44\",\"phone\":\"+971 52-347-4000\",\"gender\":\"Male\",\"dob\":null,\"password\":\"$2y$12$rw1T58XN.fjfe39NuR0euOL2PNpSbkJ3jBDVShZr.qllSb4cs1szq\",\"remember_token\":\"0xlAnUpHFkvugMMq0zPkkOww0frlQ0eGEFBCdZaYs4RX7o2ehspJAerhccaq\",\"created_at\":\"2024-09-10T17:59:14.000000Z\",\"updated_at\":\"2024-09-16T10:27:31.000000Z\"}}}}',NULL,'2024-09-18 14:19:58','2024-09-18 14:19:58'),('58ef0cfe-ad68-4eb6-9952-39d7e19bae86','App\\Notifications\\PushNotification','App\\Models\\Member',19,'{\"title\":\"New booking request\",\"message\":\"Thanks for submitting your request. Our team will get in touch with you shortly.\",\"extra\":{\"type\":\"booking\"}}',NULL,'2024-09-18 14:14:30','2024-09-18 14:14:30'),('5d30b934-076c-41c3-af2e-14c42d62ddf0','App\\Notifications\\PushNotification','App\\Models\\Member',19,'{\"title\":\"Ticket Reply\",\"message\":\"Admin has replied to your ticket.\",\"extra\":{\"message\":\"[#1000] cance my boking\\r\\nmy booking hahavskahsfag\\r\\n\\r\\nCreated: September 18, 2024, 2:22 PM\\r\\nClosed: September 18, 2024, 2:24 PM\\r\\nNote: Submitting this form will close the tick\"}}',NULL,'2024-09-18 14:25:56','2024-09-18 14:25:56'),('61b5c090-dab9-40a7-9427-a60c333b8e63','App\\Notifications\\PushNotification','App\\Models\\Member',22,'{\"title\":\"New booking request\",\"message\":\"Thanks for submitting your request. Our team will get in touch with you shortly.\",\"extra\":{\"type\":\"booking\"}}',NULL,'2024-12-23 16:01:05','2024-12-23 16:01:05'),('70462eb3-03e5-423c-9e03-fa3d4ee7fd66','App\\Notifications\\PushNotification','App\\Models\\Member',19,'{\"title\":\"Ticket reopend\",\"message\":\"Your ticket [#1000] has been reopend.\",\"extra\":[]}',NULL,'2024-09-18 14:25:01','2024-09-18 14:25:01'),('786edb9b-74b3-4cda-9f07-5e237d9381ae','App\\Notifications\\SuperAdminDBNotification','App\\Models\\User',1,'{\"message\":\"New booking request from Shah Sawood\",\"type\":\"booking\",\"extra\":{\"model\":{\"request_status\":\"Pending\",\"payment_status\":\"Unpaid\",\"category_id\":\"21\",\"sub_category_id\":\"22\",\"lat\":\"38.9340002\",\"lng\":\"-76.8966397\",\"date\":\"2024-12-30T20:00:00.000000Z\",\"time\":\"2024-12-19T14:30:00.000000Z\",\"address\":\"Landover, Greater Landover, MD, USA\",\"member_first_name\":\"Shah\",\"member_last_name\":\"Sawood\",\"member_email\":\"cust@privacylock.com\",\"member_phone\":\"+971 50-123-4547\",\"shooting_type\":\"Individual\",\"member_id\":1,\"booking_id\":1734629653,\"updated_at\":\"2024-12-19T17:34:13.000000Z\",\"created_at\":\"2024-12-19T17:34:13.000000Z\",\"id\":9,\"member\":{\"id\":1,\"first_name\":\"Shah\",\"last_name\":\"Sawood\",\"email\":\"cust@privacylock.com\",\"email_verified_at\":\"2024-08-12 08:33:45\",\"phone\":\"+971 50-123-4547\",\"gender\":\"Male\",\"dob\":\"2024-08-01\",\"password\":\"$2y$12$dEvPXJmL\\/8aKf6aZoYyA\\/ulGdgL8pf.J9euQX.Cp7092SjIWy3F1e\",\"remember_token\":null,\"created_at\":\"2024-08-12T04:32:34.000000Z\",\"updated_at\":\"2024-12-19T17:32:17.000000Z\"}}}}',NULL,'2024-12-19 21:34:14','2024-12-19 21:34:14'),('796a0419-da68-4290-8634-141c4581e637','App\\Notifications\\SuperAdminDBNotification','App\\Models\\User',1,'{\"message\":\"New booking request from Ahmad Ali\",\"type\":\"booking\",\"extra\":{\"model\":{\"request_status\":\"Pending\",\"payment_status\":\"Unpaid\",\"category_id\":\"5\",\"sub_category_id\":\"8\",\"lat\":\"34.0151366\",\"lng\":\"71.5249154\",\"date\":\"2024-12-29T20:00:00.000000Z\",\"time\":\"2024-12-15T14:09:00.000000Z\",\"address\":\"Peshawar, Pakistan\",\"member_first_name\":\"Ahmad\",\"member_last_name\":\"Ali\",\"member_email\":\"amnahmad52@gmail.com\",\"member_phone\":\"+971 58-817-8755\",\"shooting_type\":\"Individual\",\"member_id\":21,\"booking_id\":1734250185,\"updated_at\":\"2024-12-15T08:09:45.000000Z\",\"created_at\":\"2024-12-15T08:09:45.000000Z\",\"id\":8,\"member\":{\"id\":21,\"first_name\":\"Ahmad\",\"last_name\":\"Ali\",\"email\":\"amnahmad52@gmail.com\",\"email_verified_at\":\"2024-12-15 11:56:33\",\"phone\":\"+971 58-817-8755\",\"gender\":\"Male\",\"dob\":null,\"password\":\"$2y$12$UTF\\/D1G4ROc5b2RjXOs26evUQU1QnPTNXTwSqQU0Q\\/yZtelZ2SIx6\",\"remember_token\":null,\"created_at\":\"2024-12-15T07:56:06.000000Z\",\"updated_at\":\"2024-12-15T07:56:33.000000Z\"}}}}',NULL,'2024-12-15 12:09:46','2024-12-15 12:09:46'),('7a13cb81-0024-46af-adb9-2a8352434c6d','App\\Notifications\\PushNotification','App\\Models\\Member',22,'{\"title\":\"Ticket Reply\",\"message\":\"Admin has replied to your ticket.\",\"extra\":{\"message\":\"We appreciate your feedback, thanks for letting us know the issue had been resolved, please recheck\"}}',NULL,'2024-12-23 16:25:57','2024-12-23 16:25:57'),('7fce364e-268d-4299-9904-77718b7e84bd','App\\Notifications\\PushNotification','App\\Models\\Member',22,'{\"title\":\"New ticket\",\"message\":\"Thanks for submitting your request. Our team will get in touch with you shortly.\",\"extra\":{\"type\":\"ticket\"}}',NULL,'2024-12-23 16:42:18','2024-12-23 16:42:18'),('82e9f7ef-eee1-4755-8f4e-39b819cf7479','App\\Notifications\\PushNotification','App\\Models\\Member',19,'{\"title\":\"New booking request\",\"message\":\"Thanks for submitting your request. Our team will get in touch with you shortly.\",\"extra\":{\"type\":\"booking\"}}',NULL,'2024-09-18 14:19:58','2024-09-18 14:19:58'),('9005c886-5c7e-4df9-84d7-7b16348c5a8c','App\\Notifications\\PushNotification','App\\Models\\Member',19,'{\"title\":\"Ticket Reply\",\"message\":\"Admin has replied to your ticket.\",\"extra\":{\"message\":\"THis should be the latest message.\"}}',NULL,'2024-09-18 14:33:47','2024-09-18 14:33:47'),('9b70f982-59b9-45f5-a8ef-cac76bce6cbe','App\\Notifications\\SuperAdminDBNotification','App\\Models\\User',1,'{\"message\":\"shaka shaka sent a new message to thier ticket [#1000].\",\"type\":\"ticket\",\"extra\":{\"model\":{\"id\":1,\"member_id\":19,\"ticket_id\":\"1000\",\"title\":\"cance my boking\",\"description\":\"my booking hahavskahsfag\",\"status\":\"Open\",\"closed_at\":\"2024-09-18T10:24:04.000000Z\",\"reopned_at\":\"2024-09-18T10:25:01.000000Z\",\"created_at\":\"2024-09-18T10:22:20.000000Z\",\"updated_at\":\"2024-09-18T10:25:01.000000Z\",\"member\":{\"id\":19,\"first_name\":\"shaka\",\"last_name\":\"shaka\",\"email\":\"shahsawoodshinwari@gmail.com\",\"email_verified_at\":\"2024-09-10 21:59:44\",\"phone\":\"+971 52-347-4000\",\"gender\":\"Male\",\"dob\":null,\"password\":\"$2y$12$rw1T58XN.fjfe39NuR0euOL2PNpSbkJ3jBDVShZr.qllSb4cs1szq\",\"remember_token\":\"0xlAnUpHFkvugMMq0zPkkOww0frlQ0eGEFBCdZaYs4RX7o2ehspJAerhccaq\",\"created_at\":\"2024-09-10T17:59:14.000000Z\",\"updated_at\":\"2024-09-16T10:27:31.000000Z\"}}}}',NULL,'2024-09-18 14:25:43','2024-09-18 14:25:43'),('9b7d534e-e757-4b5e-bc6a-e96b05d9ff26','App\\Notifications\\PushNotification','App\\Models\\Member',19,'{\"title\":\"Ticket closed\",\"message\":\"Your ticket [#1000] has been closed.\",\"extra\":[]}',NULL,'2024-09-18 14:24:04','2024-09-18 14:24:04'),('9dcbc5fa-1920-4419-ba06-e254e98c6c6a','App\\Notifications\\PushNotification','App\\Models\\Member',22,'{\"title\":\"Ticket Reply\",\"message\":\"Admin has replied to your ticket.\",\"extra\":{\"message\":\"Thanks for letting us know we will get back to you once done\"}}',NULL,'2024-12-23 16:43:40','2024-12-23 16:43:40'),('9f5e0944-cdb1-44c8-93ae-35b98f5ec74a','App\\Notifications\\PushNotification','App\\Models\\Member',24,'{\"title\":\"New booking request\",\"message\":\"Thanks for submitting your request. Our team will get in touch with you shortly.\",\"extra\":{\"type\":\"booking\"}}',NULL,'2024-12-26 20:42:34','2024-12-26 20:42:34'),('a032da14-40eb-4073-a762-90d72653373d','App\\Notifications\\PushNotification','App\\Models\\Member',19,'{\"title\":\"Ticket closed\",\"message\":\"Your ticket [#1000] has been closed.\",\"extra\":[]}',NULL,'2024-09-18 14:24:04','2024-09-18 14:24:04'),('c4a8c1d2-d9c3-4668-a887-264b17b3d938','App\\Notifications\\SuperAdminDBNotification','App\\Models\\User',1,'{\"message\":\"sudais ali closed thier ticket [#1002].\",\"type\":\"ticket\",\"extra\":{\"model\":{\"id\":3,\"member_id\":22,\"ticket_id\":\"1002\",\"title\":\"app errora testing\",\"description\":\"I cannot book oppointment on commercial videography please resolve this (testing ticket secction)\",\"status\":\"Closed\",\"closed_at\":\"2024-12-23T12:27:01.000000Z\",\"reopned_at\":null,\"created_at\":\"2024-12-23T12:05:43.000000Z\",\"updated_at\":\"2024-12-23T12:27:01.000000Z\",\"member\":{\"id\":22,\"first_name\":\"sudais\",\"last_name\":\"ali\",\"email\":\"mezbanaka@gmail.com\",\"email_verified_at\":\"2024-12-19 21:06:29\",\"phone\":\"+971 54-435-3539\",\"gender\":\"Male\",\"dob\":\"2002-12-01\",\"password\":\"$2y$12$W5bWA8k\\/y4PlplSTjcX33eN9VrvsLOhAt82ipu7A\\/txvcKlNvuZqu\",\"remember_token\":null,\"created_at\":\"2024-12-19T17:06:02.000000Z\",\"updated_at\":\"2024-12-20T07:28:49.000000Z\"}}}}',NULL,'2024-12-23 16:27:01','2024-12-23 16:27:01'),('c64af27e-1727-42db-9697-b1ecd81c2209','App\\Notifications\\SuperAdminDBNotification','App\\Models\\User',1,'{\"message\":\"shaka shaka closed thier ticket [#1000].\",\"type\":\"ticket\",\"extra\":{\"model\":{\"id\":1,\"member_id\":19,\"ticket_id\":\"1000\",\"title\":\"cance my boking\",\"description\":\"my booking hahavskahsfag\",\"status\":\"Closed\",\"closed_at\":\"2024-09-18T10:24:04.000000Z\",\"reopned_at\":null,\"created_at\":\"2024-09-18T10:22:20.000000Z\",\"updated_at\":\"2024-09-18T10:24:04.000000Z\",\"member\":{\"id\":19,\"first_name\":\"shaka\",\"last_name\":\"shaka\",\"email\":\"shahsawoodshinwari@gmail.com\",\"email_verified_at\":\"2024-09-10 21:59:44\",\"phone\":\"+971 52-347-4000\",\"gender\":\"Male\",\"dob\":null,\"password\":\"$2y$12$rw1T58XN.fjfe39NuR0euOL2PNpSbkJ3jBDVShZr.qllSb4cs1szq\",\"remember_token\":\"0xlAnUpHFkvugMMq0zPkkOww0frlQ0eGEFBCdZaYs4RX7o2ehspJAerhccaq\",\"created_at\":\"2024-09-10T17:59:14.000000Z\",\"updated_at\":\"2024-09-16T10:27:31.000000Z\"}}}}',NULL,'2024-09-18 14:24:05','2024-09-18 14:24:05'),('ce606777-0605-4a06-8ce8-5c015ea37e51','App\\Notifications\\PushNotification','App\\Models\\Member',21,'{\"title\":\"New booking request\",\"message\":\"Thanks for submitting your request. Our team will get in touch with you shortly.\",\"extra\":{\"type\":\"booking\"}}',NULL,'2024-12-15 12:09:46','2024-12-15 12:09:46'),('cf31ff0f-980f-47d0-96e3-48cf837eaab1','App\\Notifications\\PushNotification','App\\Models\\Member',14,'{\"title\":\"New ticket\",\"message\":\"Thanks for submitting your request. Our team will get in touch with you shortly.\",\"extra\":{\"type\":\"ticket\"}}',NULL,'2024-12-15 10:40:27','2024-12-15 10:40:27'),('d0bd080c-3b82-4d28-8c03-b271de8fcd95','App\\Notifications\\PushNotification','App\\Models\\Member',22,'{\"title\":\"Ticket closed\",\"message\":\"Your ticket [#1002] has been closed.\",\"extra\":[]}',NULL,'2024-12-23 16:27:01','2024-12-23 16:27:01'),('d7c107dc-14bb-4f2a-a2e8-4b6f7c00f8f7','App\\Notifications\\PushNotification','App\\Models\\Member',19,'{\"title\":\"Ticket Reply\",\"message\":\"Admin has replied to your ticket.\",\"extra\":{\"message\":\"We regret that you cancel the booking. You booking status has been updated.\"}}',NULL,'2024-09-18 14:23:26','2024-09-18 14:23:26'),('d93dedd3-338f-433b-bcbf-57593c99b7ee','App\\Notifications\\PushNotification','App\\Models\\Member',22,'{\"title\":\"Ticket Reply\",\"message\":\"Admin has replied to your ticket.\",\"extra\":{\"message\":\"Its is now resolved\"}}',NULL,'2024-12-23 16:56:53','2024-12-23 16:56:53'),('dbb4477f-6ddc-4aeb-b143-790124f7fdea','App\\Notifications\\SuperAdminDBNotification','App\\Models\\User',1,'{\"message\":\"shaka shaka reopened thier ticket [#1000].\",\"type\":\"ticket\",\"extra\":{\"model\":{\"id\":1,\"member_id\":19,\"ticket_id\":\"1000\",\"title\":\"cance my boking\",\"description\":\"my booking hahavskahsfag\",\"status\":\"Open\",\"closed_at\":\"2024-09-18T10:24:04.000000Z\",\"reopned_at\":\"2024-09-18T10:25:01.000000Z\",\"created_at\":\"2024-09-18T10:22:20.000000Z\",\"updated_at\":\"2024-09-18T10:25:01.000000Z\",\"member\":{\"id\":19,\"first_name\":\"shaka\",\"last_name\":\"shaka\",\"email\":\"shahsawoodshinwari@gmail.com\",\"email_verified_at\":\"2024-09-10 21:59:44\",\"phone\":\"+971 52-347-4000\",\"gender\":\"Male\",\"dob\":null,\"password\":\"$2y$12$rw1T58XN.fjfe39NuR0euOL2PNpSbkJ3jBDVShZr.qllSb4cs1szq\",\"remember_token\":\"0xlAnUpHFkvugMMq0zPkkOww0frlQ0eGEFBCdZaYs4RX7o2ehspJAerhccaq\",\"created_at\":\"2024-09-10T17:59:14.000000Z\",\"updated_at\":\"2024-09-16T10:27:31.000000Z\"}}}}',NULL,'2024-09-18 14:25:02','2024-09-18 14:25:02'),('e0dc5fd2-048a-49a5-8e17-401b23c9c610','App\\Notifications\\SuperAdminDBNotification','App\\Models\\User',1,'{\"message\":\"New booking request from Muhammad Toseef\",\"type\":\"booking\",\"extra\":{\"model\":{\"request_status\":\"Pending\",\"payment_status\":\"Unpaid\",\"category_id\":\"1\",\"sub_category_id\":\"3\",\"lat\":\"25.2048493\",\"lng\":\"55.2707828\",\"date\":\"2024-12-30T20:00:00.000000Z\",\"time\":\"2024-12-30T11:15:00.000000Z\",\"address\":\"Dubai - United Arab Emirates\",\"member_first_name\":\"Muhammad\",\"member_last_name\":\"Toseef\",\"member_email\":\"tousikhan186@gmail.com\",\"member_phone\":\"+971 50-740-4783\",\"shooting_type\":\"Business\",\"additional_details\":null,\"member_id\":24,\"booking_id\":1735580394,\"updated_at\":\"2024-12-30T17:39:54.000000Z\",\"created_at\":\"2024-12-30T17:39:54.000000Z\",\"id\":14,\"member\":{\"id\":24,\"first_name\":\"Muhammad\",\"last_name\":\"Toseef\",\"email\":\"tousikhan186@gmail.com\",\"email_verified_at\":\"2024-12-26 20:40:36\",\"phone\":\"+971 50-740-4783\",\"gender\":\"Male\",\"dob\":\"2024-12-26\",\"password\":\"$2y$12$OwTOjRSpnX3Xuf5be76M5eabL90oLeVur6nSDzoXP1zF4zpRyB4sG\",\"remember_token\":null,\"created_at\":\"2024-12-26T16:40:11.000000Z\",\"updated_at\":\"2024-12-26T16:44:51.000000Z\"}}}}',NULL,'2024-12-30 21:39:55','2024-12-30 21:39:55'),('e22fd15f-9ec9-440e-a986-0b5763430675','App\\Notifications\\PushNotification','App\\Models\\Member',22,'{\"title\":\"Ticket Reply\",\"message\":\"Admin has replied to your ticket.\",\"extra\":{\"message\":\"Is it resolved now?\"}}',NULL,'2024-12-23 16:50:57','2024-12-23 16:50:57'),('ed94586d-c249-4ec9-a1f7-ab01db049ddb','App\\Notifications\\PushNotification','App\\Models\\Member',19,'{\"title\":\"New ticket\",\"message\":\"Thanks for submitting your request. Our team will get in touch with you shortly.\",\"extra\":{\"type\":\"ticket\"}}',NULL,'2024-09-18 14:22:20','2024-09-18 14:22:20'),('ef11ee9b-3bda-445c-a7ba-8ef088441f46','App\\Notifications\\SuperAdminDBNotification','App\\Models\\User',1,'{\"message\":\"Muhammad Shahzad sent a new message to thier ticket [#1001].\",\"type\":\"ticket\",\"extra\":{\"model\":{\"id\":2,\"member_id\":14,\"ticket_id\":\"1001\",\"title\":\"Tecketing testing\",\"description\":\"Hi\",\"status\":\"Open\",\"closed_at\":null,\"reopned_at\":null,\"created_at\":\"2024-12-15T06:40:27.000000Z\",\"updated_at\":\"2024-12-15T06:40:27.000000Z\",\"member\":{\"id\":14,\"first_name\":\"Muhammad\",\"last_name\":\"Shahzad\",\"email\":\"muhammad.shahzad.sqa@gmail.com\",\"email_verified_at\":\"2024-08-26 23:12:29\",\"phone\":\"+971 56-848-4546\",\"gender\":\"Male\",\"dob\":null,\"password\":\"$2y$12$rpStrIkKDY4yktF.prg6X.YRMDn1LEhPtQgp3PY3vS334W3EwrY\\/W\",\"remember_token\":null,\"created_at\":\"2024-08-26T19:10:55.000000Z\",\"updated_at\":\"2024-12-15T06:37:14.000000Z\"}}}}',NULL,'2024-12-15 10:41:06','2024-12-15 10:41:06'),('f27964a8-9f05-4280-bc77-3d6641852dbb','App\\Notifications\\SuperAdminDBNotification','App\\Models\\User',1,'{\"message\":\"shaka shaka closed thier ticket [#1000].\",\"type\":\"ticket\",\"extra\":{\"model\":{\"id\":1,\"member_id\":19,\"ticket_id\":\"1000\",\"title\":\"cance my boking\",\"description\":\"my booking hahavskahsfag\",\"status\":\"Closed\",\"closed_at\":\"2024-09-18T10:24:04.000000Z\",\"reopned_at\":null,\"created_at\":\"2024-09-18T10:22:20.000000Z\",\"updated_at\":\"2024-09-18T10:24:04.000000Z\",\"member\":{\"id\":19,\"first_name\":\"shaka\",\"last_name\":\"shaka\",\"email\":\"shahsawoodshinwari@gmail.com\",\"email_verified_at\":\"2024-09-10 21:59:44\",\"phone\":\"+971 52-347-4000\",\"gender\":\"Male\",\"dob\":null,\"password\":\"$2y$12$rw1T58XN.fjfe39NuR0euOL2PNpSbkJ3jBDVShZr.qllSb4cs1szq\",\"remember_token\":\"0xlAnUpHFkvugMMq0zPkkOww0frlQ0eGEFBCdZaYs4RX7o2ehspJAerhccaq\",\"created_at\":\"2024-09-10T17:59:14.000000Z\",\"updated_at\":\"2024-09-16T10:27:31.000000Z\"}}}}',NULL,'2024-09-18 14:24:04','2024-09-18 14:24:04'),('f4cb23d7-0c1c-44ba-924a-cceb3898648a','App\\Notifications\\SuperAdminDBNotification','App\\Models\\User',1,'{\"message\":\"New booking request from Ahmad Ali\",\"type\":\"booking\",\"extra\":{\"model\":{\"request_status\":\"Pending\",\"payment_status\":\"Unpaid\",\"category_id\":\"17\",\"sub_category_id\":\"20\",\"lat\":\"30.375321\",\"lng\":\"69.34511599999999\",\"date\":\"2024-12-30T20:00:00.000000Z\",\"time\":\"2024-12-15T14:57:00.000000Z\",\"address\":\"Pakistan\",\"member_first_name\":\"Ahmad\",\"member_last_name\":\"Ali\",\"member_email\":\"amnahmad52@gmail.com\",\"member_phone\":\"+971 58-817-8755\",\"shooting_type\":\"Business\",\"member_id\":21,\"booking_id\":1734250134,\"updated_at\":\"2024-12-15T08:08:54.000000Z\",\"created_at\":\"2024-12-15T08:08:54.000000Z\",\"id\":7,\"member\":{\"id\":21,\"first_name\":\"Ahmad\",\"last_name\":\"Ali\",\"email\":\"amnahmad52@gmail.com\",\"email_verified_at\":\"2024-12-15 11:56:33\",\"phone\":\"+971 58-817-8755\",\"gender\":\"Male\",\"dob\":null,\"password\":\"$2y$12$UTF\\/D1G4ROc5b2RjXOs26evUQU1QnPTNXTwSqQU0Q\\/yZtelZ2SIx6\",\"remember_token\":null,\"created_at\":\"2024-12-15T07:56:06.000000Z\",\"updated_at\":\"2024-12-15T07:56:33.000000Z\"}}}}',NULL,'2024-12-15 12:08:55','2024-12-15 12:08:55'),('f4d28534-cc10-466e-a16c-3abb8bd22c41','App\\Notifications\\PushNotification','App\\Models\\Member',24,'{\"title\":\"New booking request\",\"message\":\"Thanks for submitting your request. Our team will get in touch with you shortly.\",\"extra\":{\"type\":\"booking\"}}',NULL,'2024-12-30 21:39:55','2024-12-30 21:39:55'),('f4ee79f2-1d5e-40b5-89cf-65be60cb9ae7','App\\Notifications\\PushNotification','App\\Models\\Member',14,'{\"title\":\"New booking request\",\"message\":\"Thanks for submitting your request. Our team will get in touch with you shortly.\",\"extra\":{\"type\":\"booking\"}}',NULL,'2024-12-15 10:39:15','2024-12-15 10:39:15'),('f5bba5bd-5bc3-4f0b-b80c-c558b2a8bcdd','App\\Notifications\\PushNotification','App\\Models\\Member',22,'{\"title\":\"Ticket Closed\",\"message\":\"Your ticket has been closed.\",\"extra\":[]}',NULL,'2024-12-23 16:57:01','2024-12-23 16:57:01'),('fc284c2a-cf86-424d-9c71-532d9f60ad7f','App\\Notifications\\PushNotification','App\\Models\\Member',21,'{\"title\":\"New booking request\",\"message\":\"Thanks for submitting your request. Our team will get in touch with you shortly.\",\"extra\":{\"type\":\"booking\"}}',NULL,'2024-12-15 12:08:55','2024-12-15 12:08:55'),('fd4f7844-b002-42bd-afdb-3130edddd62b','App\\Notifications\\SuperAdminDBNotification','App\\Models\\User',1,'{\"message\":\"New booking request from sudais ali\",\"type\":\"booking\",\"extra\":{\"model\":{\"request_status\":\"Pending\",\"payment_status\":\"Unpaid\",\"category_id\":\"1\",\"sub_category_id\":\"3\",\"lat\":\"24.453884\",\"lng\":\"54.3773438\",\"date\":\"2024-12-22T20:00:00.000000Z\",\"time\":\"2024-12-23T15:59:00.000000Z\",\"address\":\"Abu Dhabi - United Arab Emirates\",\"member_first_name\":\"sudais\",\"member_last_name\":\"ali\",\"member_email\":\"mezbanaka@gmail.com\",\"member_phone\":\"+971 54-435-3539\",\"shooting_type\":\"Business\",\"additional_details\":\"i don\'t have the makeup artist i would like it if you guys would provide us one\",\"member_id\":22,\"booking_id\":1734955264,\"updated_at\":\"2024-12-23T12:01:04.000000Z\",\"created_at\":\"2024-12-23T12:01:04.000000Z\",\"id\":11,\"member\":{\"id\":22,\"first_name\":\"sudais\",\"last_name\":\"ali\",\"email\":\"mezbanaka@gmail.com\",\"email_verified_at\":\"2024-12-19 21:06:29\",\"phone\":\"+971 54-435-3539\",\"gender\":\"Male\",\"dob\":\"2002-12-01\",\"password\":\"$2y$12$W5bWA8k\\/y4PlplSTjcX33eN9VrvsLOhAt82ipu7A\\/txvcKlNvuZqu\",\"remember_token\":null,\"created_at\":\"2024-12-19T17:06:02.000000Z\",\"updated_at\":\"2024-12-20T07:28:49.000000Z\"}}}}',NULL,'2024-12-23 16:01:05','2024-12-23 16:01:05');
/*!40000 ALTER TABLE `notifications` ENABLE KEYS */;
UNLOCK TABLES;

--
-- Table structure for table `otps`
--

DROP TABLE IF EXISTS `otps`;
/*!40101 SET @saved_cs_client     = @@character_set_client */;
/*!40101 SET character_set_client = utf8 */;
CREATE TABLE `otps` (
  `id` int unsigned NOT NULL AUTO_INCREMENT,
  `identifier` varchar(255) COLLATE utf8mb4_unicode_ci NOT NULL,
  `token` varchar(255) COLLATE utf8mb4_unicode_ci NOT NULL,
  `validity` int NOT NULL,
  `valid` tinyint(1) NOT NULL DEFAULT '1',
  `created_at` timestamp NULL DEFAULT NULL,
  `updated_at` timestamp NULL DEFAULT NULL,
  PRIMARY KEY (`id`),
  KEY `otps_id_index` (`id`)
) ENGINE=InnoDB AUTO_INCREMENT=70 DEFAULT CHARSET=utf8mb4 COLLATE=utf8mb4_unicode_ci;
/*!40101 SET character_set_client = @saved_cs_client */;

--
-- Dumping data for table `otps`
--

LOCK TABLES `otps` WRITE;
/*!40000 ALTER TABLE `otps` DISABLE KEYS */;
INSERT INTO `otps` VALUES (1,'cust@privacylock.com','42122',10,1,'2024-08-12 08:32:34','2024-08-12 08:32:34'),(3,'admin12@yopmail.com','14461',10,1,'2024-08-17 21:57:15','2024-08-17 21:57:15'),(7,'admin123@yopmail.com','14772',10,0,'2024-08-17 22:07:19','2024-08-17 22:07:43'),(10,'admin123@yopmail.com','65770',10,0,'2024-08-17 22:47:57','2024-08-17 22:49:26'),(11,'zain12@yopmail.com','67269',10,1,'2024-08-23 00:12:47','2024-08-23 00:12:47'),(12,'zain13@yopmail.com','81720',10,1,'2024-08-23 00:16:51','2024-08-23 00:16:51'),(13,'zain14@yopmail.com','01891',10,1,'2024-08-23 00:18:34','2024-08-23 00:18:34'),(16,'zain15@yopmail.com','53001',10,0,'2024-08-23 00:20:35','2024-08-23 00:20:49'),(17,'zain15@yopmail.com','63908',10,0,'2024-08-23 00:54:15','2024-08-23 00:54:58'),(18,'zain15@yopmail.com','72612',10,1,'2024-08-23 01:18:31','2024-08-23 01:18:31'),(20,'shahsawoodshinwari@gmail.com','14945',10,0,'2024-08-23 14:11:11','2024-08-23 14:13:14'),(22,'shaabbdhs@gmail.com','16843',10,1,'2024-08-23 14:28:01','2024-08-23 14:28:01'),(36,'sk3803739@gmail.com','07040',10,1,'2024-08-23 14:55:24','2024-08-23 14:55:24'),(38,'zain55@yopmail.com','61191',10,1,'2024-08-24 23:09:40','2024-08-24 23:09:40'),(39,'shahsawoodshinwari+1@gmail.com','34416',10,0,'2024-08-25 16:20:22','2024-08-25 16:20:52'),(43,'muhammad.shahzad.sqa@gmail.com','97926',10,0,'2024-08-26 23:12:01','2024-08-26 23:12:29'),(44,'bilalkhanx58@gmail.com','34018',10,0,'2024-09-04 16:39:25','2024-09-04 16:39:46'),(45,'bilalkhanx58@gmail.com','30451',10,0,'2024-09-04 16:55:06','2024-09-04 16:57:06'),(46,'shahsawoodshinwari@gmail.com','78305',10,0,'2024-09-06 10:26:01','2024-09-06 10:28:57'),(47,'shahsawoodshinwari@gmail.com','79953',10,0,'2024-09-06 10:32:53','2024-09-06 10:33:32'),(48,'shahsawoodshinwari@gmail.com','46934',10,0,'2024-09-06 10:49:18','2024-09-06 10:49:36'),(49,'zain112@yopmail.com','32421',10,0,'2024-09-06 13:38:41','2024-09-06 13:39:16'),(51,'zain112@yopmail.com','48336',10,0,'2024-09-06 15:04:06','2024-09-06 15:12:07'),(52,'zain112@yopmail.com','29294',10,0,'2024-09-06 15:12:28','2024-09-06 15:14:58'),(53,'zain112@yopmail.com','27792',10,0,'2024-09-09 17:54:55','2024-09-09 17:55:37'),(54,'zain112@yopmail.com','62752',10,0,'2024-09-09 18:00:40','2024-09-09 18:01:14'),(56,'zain112@yopmail.com','22196',10,0,'2024-09-09 18:10:48','2024-09-09 18:11:05'),(57,'shahsawoodshinwari@gmail.com','31718',10,0,'2024-09-09 21:31:26','2024-09-09 21:31:52'),(58,'bilalkhanx58@gmail.com','80397',10,0,'2024-09-10 14:51:37','2024-09-10 14:52:08'),(59,'bilalkhanx58@gmail.com','32783',10,0,'2024-09-10 15:24:46','2024-09-10 15:25:08'),(61,'shahsawoodshinwari@gmail.com','76074',10,0,'2024-09-16 14:26:47','2024-09-16 14:27:14'),(62,'bilalkhanx58@gmail.com','07871',10,0,'2024-09-18 10:56:36','2024-09-18 10:57:04'),(63,'m.shahzad.sqa@gmail.com','27567',10,1,'2024-12-15 10:32:36','2024-12-15 10:32:36'),(64,'muhammad.shahzad.sqa@gmail.com','80498',10,0,'2024-12-15 10:36:18','2024-12-15 10:36:54'),(65,'amnahmad52@gmail.com','22302',10,0,'2024-12-15 11:56:06','2024-12-15 11:56:33'),(66,'mezbanaka@gmail.com','99456',10,0,'2024-12-19 21:06:02','2024-12-19 21:06:29'),(67,'zain11@yopmail.com','49155',10,0,'2024-12-20 11:37:20','2024-12-20 11:38:26'),(68,'zain11@yopmail.com','10164',10,0,'2024-12-26 12:22:20','2024-12-26 12:22:38'),(69,'tousikhan186@gmail.com','63196',10,0,'2024-12-26 20:40:12','2024-12-26 20:40:36');
/*!40000 ALTER TABLE `otps` ENABLE KEYS */;
UNLOCK TABLES;

--
-- Table structure for table `pages`
--

DROP TABLE IF EXISTS `pages`;
/*!40101 SET @saved_cs_client     = @@character_set_client */;
/*!40101 SET character_set_client = utf8 */;
CREATE TABLE `pages` (
  `id` bigint unsigned NOT NULL AUTO_INCREMENT,
  `name` varchar(255) COLLATE utf8mb4_unicode_ci NOT NULL,
  `contents` longtext COLLATE utf8mb4_unicode_ci NOT NULL,
  `published` tinyint(1) NOT NULL DEFAULT '1',
  `created_at` timestamp NULL DEFAULT NULL,
  `updated_at` timestamp NULL DEFAULT NULL,
  PRIMARY KEY (`id`)
) ENGINE=InnoDB AUTO_INCREMENT=3 DEFAULT CHARSET=utf8mb4 COLLATE=utf8mb4_unicode_ci;
/*!40101 SET character_set_client = @saved_cs_client */;

--
-- Dumping data for table `pages`
--

LOCK TABLES `pages` WRITE;
/*!40000 ALTER TABLE `pages` DISABLE KEYS */;
INSERT INTO `pages` VALUES (1,'terms-and-conditions','<!DOCTYPE html>\r\n<html lang=\"en\">\r\n<head>\r\n  <meta charset=\"UTF-8\">\r\n  <meta name=\"viewport\" content=\"width=device-width, initial-scale=1.0\">\r\n  <title>Terms and Conditions</title>\r\n  <style>\r\n    body {\r\n      font-family: Arial, sans-serif;\r\n      margin: 20px;\r\n    }\r\n    .container {\r\n      max-width: 800px;\r\n      margin: 0 auto;\r\n    }\r\n    h1, h2 {\r\n      color: #333;\r\n    }\r\n    p {\r\n      color: #666;\r\n      line-height: 1.6;\r\n    }\r\n  </style>\r\n</head>\r\n<body>\r\n  <div class=\"container\">\r\n    <h1>Terms and Conditions</h1>\r\n    <p>Welcome to our mobile application. If you continue to browse and use this application, you are agreeing to comply with and be bound by the following terms and conditions of use, which together with our privacy policy govern [Your Company Name]\'s relationship with you in relation to this application. If you disagree with any part of these terms and conditions, please do not use our application.</p>\r\n    \r\n    <h2>Use of the Application</h2>\r\n    <p>This application is subject to the following terms of use:</p>\r\n    <ul>\r\n      <li>The content of the pages of this application is for your general information and use only. It is subject to change without notice.</li>\r\n      <li>Neither we nor any third parties provide any warranty or guarantee as to the accuracy, timeliness, performance, completeness or suitability of the information and materials found or offered on this application for any particular purpose.</li>\r\n      <li>You acknowledge that such information and materials may contain inaccuracies or errors and we expressly exclude liability for any such inaccuracies or errors to the fullest extent permitted by law.</li>\r\n    </ul>\r\n    \r\n    <h2>Privacy</h2>\r\n    <p>Your use of this application is also subject to the terms of our Privacy Policy. Please review our Privacy Policy, which also governs the application and informs users of our data collection practices.</p>\r\n    \r\n    <h2>Changes to These Terms</h2>\r\n    <p>We may update our Terms and Conditions from time to time. We will notify you of any changes by posting the new Terms and Conditions on this page. You are advised to review this Terms and Conditions periodically for any changes. Changes to this Terms and Conditions are effective when they are posted on this page.</p>\r\n    \r\n    <h2>Contact Us</h2>\r\n    <p>If you have any questions about these Terms, please contact us at support@yourcompany.com.</p>\r\n  </div>\r\n</body>\r\n</html>',1,'2024-05-18 00:59:16','2024-12-15 10:56:47'),(2,'about-us','<p><img src=\"data:image/jpeg;base64,/9j/4AAQSkZJRgABAQAAAQABAAD/2wBDAAYEBQYFBAYGBQYHBwYIChAKCgkJChQODwwQFxQYGBcUFhYaHSUfGhsjHBYWICwgIyYnKSopGR8tMC0oMCUoKSj/2wBDAQcHBwoIChMKChMoGhYaKCgoKCgoKCgoKCgoKCgoKCgoKCgoKCgoKCgoKCgoKCgoKCgoKCgoKCgoKCgoKCgoKCj/wgARCAPoBdwDASIAAhEBAxEB/8QAGwAAAwEBAQEBAAAAAAAAAAAAAAECAwQFBgf/xAAbAQEBAQEBAQEBAAAAAAAAAAAAAQIDBAUGB//aAAwDAQACEAMQAAAB9upfl+hVSyqmkbTptNG0xtOxiYwKYMTGiY6QwlUjPLoleHk9PCb8XzPouB2+W8v6ryb28bTXO92MnVRpEzlnpDzSDcwG0JoljZdGk7Gj1vpm7rXoyNVbhn0ZZ48+W2WfJAF4XrjpO2+mF317mQ6amCueg5hOp8gvYctXXS8Ku9TMatSwmiSJ0TOS0zzylwpz2eLutjJtaPNrreV3ro4eulOFboZKTUyUmpjMz01yVb2acV7692nBp16dpynS9GeU5XlGPDlrPPlz8/XPIY59S5nlus3LZLmrrMutjnnU6Xxlx6GnBtvv368O3f0dlcj7XqXMo6FzGXQ+ejcye1qZknn0w48ZcHLw7dHP048/T0YbzOtxUzVTWc1UOS3NQwaJ0yHdJm9KszrSkzelWZvSrMnq0Khpbl2W5ZbmkdS6ppo2nYNMbTpgIxMYAAUJglSM8uiV4eT1Od08XzPouGdvl+D6bzNezyDowd5jTOZyi4nmkYwAQJqwpaNPVbPU9jXp7FVPp0iNs5Mcd8OXHDHbHHhhl3i9DZ6pejvfGd85nGNc3CFSnFJiPSNL0u5t6HSq9SitdE6res1rEY49GOPPhnplnxoQ5XedTprWdO2lYq76nyFvUual3WdTTklklROVrJOfRXMS9uvnXe3ovgvXbsnlk3wyjPmqEnnpwM6VjU3reFTptWNTrsQ51ctJCsvM2z1vXS8636dDJNarGZjd85J03y3vfTfLW99M5LQyeePMnNZ8HR1cvZnl0b47y3S0zlVekzne2iYXvpc89dFM876as5n0tOd9DrnfQJhWwmT1DN6M4nFZtuKq3FJdRRVQ7LqKShOm0JQmMTRidMTGDoTEFQSrRnj0y1wcvqc7p4/n+/xvR8z5/wBN5t9vg59/DN4zpM4QqJiSkkg7l6zs71vO2/bWhXb0A1rSi8sZyx1y4+fHLWMeONTW01NNepFmu2caxnnhnvnnz5TqnLItzBqba9Cutd+nOtb6dca1erk9a1cI6Mszmx6cePDlx6cufjxd05RV06wajeM7SxgtInFUqKtVe6VC4xtnOOYxxTBUNINKqSEYgYEqGWIBBpGl4VOm9Y3ntoQ3S3FtXpnprtYnrqTUxMVGOSBTDIm43rmdvWc73vSc3eN6Z7Tz7dnP3556dD6pM9td2MddtGMb3u5xva2cK3dmJu0wewZPUTI1DM0SwtCIVh5LisdLqKsqootxSW5dXUUlktKEVTlpQmNoG07G0xgIAUACVJYz3k4+b0cXTyfP93kej5ryvq/Ler5nP1eCbxVJmFcsS1bN757316b57dfbVJ9upLmScry44jLSOfnyVucTU012LL33FRblnrGc5zos8sZ2U541dotTbfoei279lVV11m7NWC5kjLbLnMMenDhywz3nnwxrVpnV1dwaq6xjec45o6IzwxqqZLqtd4Wo1z59WU5cs7RnzQUmJKSSqm4TBkabQ05oTBDEkasQ0zVZ03pWbz00vK3XW8bvbZ5PXW5iZm5hZxRIyQ5c0JXlq86u6vPbTTrXozmvQfdnlPTfQ55666XnnppbOdaVcw7aQ6BDBDBKkJUhDQJksqlHiVnWOulZ0XUNNKiquoq5tyynDSyWVUMtw0py6bTHUuxiEoToBiGCVInPaV5efvyb8rg9zknb5zyfrPMev5XH2/LdOaLhzWkaG2+W+vdrrF9vVYLe1DjGZzqOXOZpZ5TZdGhe+zY97SqSJ0nOYVqZhaKSKq7TQ169HotO2imdKilUzc5Z5bZcplnrHHGK2WM5Vo6iqerJZbjG85zzxvHPnjVOYLL31lbK6wjoyzjmjpzx58FrOeWU6y55zpDlI1cDGoxzaKFkpJJSSCpuEwZdTU6VU1OrCWqM5uNViXGrxqXYhujhywgnXO2dix6WnpzWXft2OOXXp0OWe163EXdMzTbKGIDBDQAKhoABJggIE0qTUeBWdc+2lZ0mlZXWl51c6OGaOGluGW5dU5aUILcMtw0skqyaspyxgI2nQMJVoidEvPz92bXl8Xtcs7fO+V9X589Hx3F9V5N35Wrd3tvltr363Nde7RN0ZuOeFLWMIHMu1e+lUq6bYzWpVTIkyRDJJKdqorVes6dLVzfWsDdABRc4meekcplOsYQU5JdVbDt1BoWYztGWMbTzxiWZi0Vao2a1Oe0yc8dGfPnjG8Y5YRvE5YRtE8+StOKY1GU2Dbcli5zomM50lzhsuSlc26NL3hay1jG2c45zc3zlK2m6bvE6Wzz7dnoMcnp9PozPN3b9V5ZdOm15RrdsRVNE2ImNEwBMEACYqTBAAmoE0CFKID5usa59tqys0vKk2rKrNXm00rN1q86S6h1ThluGW4JLcOrcsqoqynLspyynNI2nYACVBCtLjj1w153J6+Dp4PnfTck6/J8X1vFfX83Xq8m/flQt+glzEy1jKQZwUr1p2q6dHaregYQqRIyEUUm3StVbVzfRbVdABugEKajEibnmhUZkOhU27Ex0hhMaKMZ1zwhUsZKVWtut2Z0RlGs4zjG8c8YRtGOXPG+efPhOszzw20VFNjbvRFjec6yxlOsOUKic1c6N1rGt9JOhemGfRk4886xPKrnVp6b9168fb390xxd3X1PNz9e27jlvppec3TZTbsTZIhgACGCABMhAKgBAAmlEIEKBBL8neGnPttphab1lVa1jSbPN1rWVJrWdWW4ZbzZbhluGXWdJdQ0txVW4dluHZdQy3LsoTRpghlSqDON0vJh6ENeVzezhOvhcX0XLr1/Mcn0/n79/gz38M9US1iANHSrW6pX06Oh6CaEmCGxDLRjpUqqri9qqa6ADVAWSlziSmskNAMUB0A0TASqYibnMyVrBUqKpVsFFZxrOWM6xiYxtnz545758+OEbRPPmWphUNp0Veg27qY1RjG0TlkrTlNqlvbLW+mhvXaM9pnPkz7dp5eL0Oz0Zz5PQ6uxz5uvo3vnx311cstbpiabRNtEMAYIAEwQ0AEIaENKgUAAgVomoSaVAR8XphWO3Rpz6RvWNVtWNJtWNG1ZUm1Y1Zq8qNHnRbhluGmjhmjzdmjh1o4pLrOrLcuy3LKqKsbQjAoG0QwlWjPPdNcmHoZt+Vy+zg7fPeZ9ZxX1/G8/1Hkvf5lXM7u5vp0ek3vQw1RNSAADNUY7QChjHcVpbVbgBqoFmKajJJqUAAYAANMALBNRM0som5wTVFXF6NhsptSZRrOGMazzzhGsc+eMbRjhktFOcjcFqtbbKvSSi3ONZzzxnWHKKHM1tlre91XV06823d2Tz+f2eh1Y8XF2dXRPNz9O2t5Za6UxFU0l0IhsQwAAGIgBDFQAJqBNAgVAgAVIUCaEnKtCj4W+fTHXfXm0XorCo3rCzasbNqxqzesaNaypNKyZq8qrSsqTRwy6zaaVnVaVldmlZ0l1FWWS7LcUW5q5bTsYAwEAKSolhWlzz6EvFh6OTfkcH0HPe/wAl5v2Xn6+h8s/V4t/RysNdQC1AQA6GPVGFA1Q0x1NVbT1GIoTmFFTmgCgygYiVIAYmAlSiVUxCqcRNOKuL0qlXRKtGc3OJlGsc5lntnzzlGsc+WatTnBSmS5q6qprXRqjWonSZnPPaMccy9pnLr6PRs5u/q7defl6+nonl5+jfWcMdtKc4qmym2IYibBDQhghigCCaAEAJQCECUQAhK0IEKUQgQgQS/nl895306c1y9F89r0Vhcb1izesLN757N3izd43ZrWVGtZUmpm7NKyqNXnVml5XWlQ7nSs2aOHZpWdWaVFJZLspyxtVYDEQwkoqFaWVRGWXSrrg5fVydPB876fk17fkub6fzun0/HXRhfXINoB6rarQB6qAACRtOrqa1AEEuYSalAatjsQwlME0waYlSJmlEzU4IDMq4vS6m+gTKznXPKM9Y5zKNc+ec40nnnOdJzzhUpgaZdTWulBe9Zro3mODT1ezPn8ju9bsnk83u7uieXk6OrW8efXZucVTSXQiGyWyENAAAMQ0IEAEAhWhACGhK0IE5gEKIQISgiEhKCD8z05dJem+e16NObSa6a57jorCpd6wpd757NqwqN759LN757Td5OtjMNaxtNaydb3hpc7VlVmrzo0rNprWV2aVnVl1FWU5pKqWlNOwYIhlJUEzolzLkUaJcMeyG/N5PZwvf5zzPrOLfv+Sz+g8zf0uJ0t+lseqAUJoAJG06qpqwBClzKAKVNVQOxAEpkIAbVCVImbiVRcYiAyq870vTPTpGmaTGkZRFzzmcaRiZzc885zpOM5q5zzTeyZa9vfvPmdnq9t8/k9fq9E8vndXdtPLx79Wk5c+mzYh2MyUElBLaACBMEAIErExoQJqBCUEAAAJQQAiBCUQgBKk1AhKS5VpI/K9Oa2em+a16dOXSXpvmua6dOa5eiuel6KwqN3i16L56Oi+ek6XhRu8XW1YWb1hab3hdnRWN3OzzZq8rNbxu51rOrNLyu50c0lVFWW5aUJ2AwBoBlkqwznVLktJWJ0bXLh6EteP5/wBFz69PyXn/AF/ndfq/OPu5e30cxq7SagAkbTqql05chLUACuk7GDpAEpqUaY2mgmhTUyzFxkgXOVUVppplp0lgbEXMRFzzmc6RhnOrxOefQ6scPI6Pd78+TwO/3Op4/H7PT2ebg37bcuXXemMbsZkokQwQ0AAgAAgTSiAEEohDEDEhoStCBClYgaQAkrEhoQ0JSRQIStJAiZRJL+S3z3vj0VhU10ac1zXTpy3L1acukvRXPS9F89S71hS73z0dF89y9Fc9G7xZvfPZ0Xz2nRfPpZ0ac2lm7yqzW8bTasbs2vK7NaytnWsrs0cUl1FXNVLShOwBgBTAQTFlWGa1lYKFjPYOLk9fK9fA836nk37vj+T6vye31vIWuW/aAZjaejpFCcwgIAdtNOxgUJoU0pUxoNMACZuFmbjCU1zjqKrS89OjQH0iTUROu+McWnrd/Ly+H2+518/B43Z6u2fFwdHbc4cuuzYzdjMlAhggIQwSaUBQAgBDEKIAQpQQAhQQNEjJJWhDSFBA0gBA0hWkoaSHIlElK0kOSVElL+QVnXXz63hUu94VG989zXTpy6NdNc9y9Fc9y71g16K57XornqXprmo6a56XornqOm+azpvm0s6r57TovC7N6xtNrwuzovC7N6xtNrxu51rK7NKzpnSs6sty7KJChFlOQoTG5Y0MmdEZlJRMIx6RrzPP97lvo+U8f7Lx+32PnjfDp9NidtCdCaEAoxjY7ACkAIahMAaYACi5WZqcIVTzhU0l6Z69FvTt3z4en2PR5eDx/Q9Tp4/M8/p7Lz5ebXVznnVDKGCGQmCpgiGhDSoECcyiBRChiQxJWSwQlBKGJDElaECErSBkg0JQSKSUMkVpIaUrSlQ1MralQ0pGkl/IWjt5qckujzZtWNS73z3L0Xz1NdF81r0VzVL01z2u9c9S9F81L01zXL0VzWdN81r1acuidWnJodd8ukdN82lz0Xz1Z06c1p03z6WdF4XZteN3Ot5Xc6Xm7NHFI2XZLqrIdiSWElKpbUrJY5oMy5VVLDPVHn+d7nHfT8t4n2PidfteI7jt9NgUJioGDHTYWAAk1AAJpjExoKJpSxFzlC06+fPh6PW9DHk8fv8AV654fO9Dr6MeHDopzzOpbFCaMTQEKwIAQ0CsQgCAFKkJWkgQpWkKCUrJKZJFJIBJWSlpJQ0gaSViRRKKSStJFKUtKUUoFpSoalSilRRAUpVNSpfyhbZ9vNIwGgpwy6zcbVhUu9YWu1YOXe+dr01zVNdNc1L0vmtei+ao6tOTRerTlqXr05NV6tOXSOrTl0s6b5rTpvls69OTVnr05NdZ6r59LnfTLfWXpWtxGl1rEVRYm2klFSMEAqTUqVJRpRSBZVSNyxZbJfN8n6Hgvq+Q836nwvR97jA6e4AEwKadMCwAEmoEJWIinLsbTCaDPo6vY5eTi9Pt6+HxuPfqrHky0YxVTTDpOynLZbVUAIJkqVIQKVoFaRDSBoSqXMohKISglDSFaSGSFKUtSlDJFpSDJRRAMlLRAtKUUpS0oIqZS0pRRBFSkEOJW8xblQWomPz7n9Dl7+blWuaSMEwACG5ZVZs1eTl1eTNni5d3hS71z010XzUvTfLcvXfJovXrx6y9mnJpL16cukvTXPadFc9HVpyaJ2bcfdrOvXfd05ZdF1rkqZctp2AgbQNpWMASaVAKCIBAAppoBJqVuXS5urNryPF+n8zXv+Pw9zx/T96ANdxpjY7BooBAnMohQxBTllNOx9+fuc/Hfprr83wi1OfNSgi6l2VWVWaPOktzVzThxTQUS0YMlULmtJllEy0pCklK5JUQpRCCRK0krSUtqRHKlaUpbUoogiiEtqFVqEtqFGiiVtSilKilKWlMlqFLamS4UFKJl0nNLc5zHy/J38fp8vJjvgSIkoTkBhIwABiajQUSRbzZq8mbVi13eLmui+al69OPSa7teHaXt049Jrrvks6r5bl698/objH2Nujt541K1zTBGDsABMAAoAAQMQCEoJwpqVYnKJkJA0mgpDMeTvyb8HwPsPG6/U+WXXyen7g07p1LRgqAUCEqAgAgadV0ZetOHT7GHd5Pga3Cx5LSUjclWQVV5s1ed3GjlpbiksTG00GmMbSVSIjVTXPPRlLmlOd0oFpSikkOSValStSlozIuYS3MpbUI0UIsiTSYS2oRaiZdFEroZBqs0WomLUTLos5NZiVuYmLnOTSc5XSc5PH4+vh9Xl5+fTnocOS3Dktw4oTgGQhioYiAAAGgpwy3m10rJm14VL068mjXZpxaTXZpx6S9nqx9hZn6xr185SdxQmNAjEU2nY0wliVoQCBoUORKxNROZAQtEkrESg0raaCorm4PXwvT5TwfuvE7fY+ZfRh3+uxO0EAiVAIEEDQj3fuZ8+Hq79Xn+LOw+fjETnNqVVpKm5qmJG2mF3Gji4pw01rO7Lcu5bmoZIWSDQCmlLjzd2U1xK8cdLMxbUIqZlbmFLcTK2s1FrNLoZqNFml0MkarNVpMTLos5NVkpdZzS6GSNlijWc5NVko0WcGs5Sus5SazlJrOUmk5RXBw9PF6vLz43mMkSyWluHF1m5dCKypw4oCBUElIkpUhiACjQU4aaXjUu14U10+95P6OvZ6MadONUqZbHYDBMATVU5EYiwRKslyggZIAJWJQyQAJQSWnDi0A3NLQCCasw4PVxdflvA+48Ht9n54vP0/XaSVoUAEAEhpHr55dPuZel5/gDrLn5E4M1ykOUjQl6lOHVCdlXnSXWNmtZ2mrzLnas6ubREVUUMSKExgyRkY8XoxNeOdPFz7XOaluc0ukxK6REraziXWc5l2WKjZYo2MVWyxDVYpdZyUuqxRsYo1WSNZyRrOUmxgl2nKU1jKTWcZNpxVmsZQaxlNnJx9HJ6eGUtIk0yAJTgNHm10ebl0ebl0ebjR51lZLhiYDCSgkYSUImA9cvdX6f63g9Lc10i7zqptGx2CaBoFFQtPMLIKpSKyQskkJJWyQpS4EpW6xtbSUg5JrQksuoo0EWNBIppLz+X7PI7/H+R9b816v0PKg6e0QQCJG59CY1+gx9bz/ABNNg5/OjLTDOggzppSjJNLeZZrWNWaOHZo4aW86K0xqtLxpN7w0uLmYzeisLs0IZo5pl0nYDRKqTLzPWwz08GOrzuPo0WKmtpymXWMoXacZjVYpdVil3WAm6wVbrBG6wS7LBGxgjYwSbrFLqsUmqxldpxSbTjNms5SazlKazlNmsZTZpESzhza4ejCTUiTVyAICEYgokW3AaPNy6PMXV5ONayc1q83m6EMolwxNAHFfd/JfoFvsdfN075a6RrcVSqwY0QJSSSZIm5eDm+h41rFkI0UqXQzpGAAgFKlqGlVQTWhDShMbzo0uLssVXIBIpqVnLSJvzvnvqvG39D5GOvk9X6Alio6O7jjk92/S8vzL64ufK0JWuawvHPRInO3MopZzZrWFamt4aaztWVXFvKqus6XQyZpWLOm+QZ6FyaZ11ac+msa1nqzpUu5qpq5YCKblYz2zl4vnPqfA5+jzFhPD09EYQbzhJvOEm650vQudWdC50brnVdC50dBzhvOCN1gjdYJOhYTW84pNpyRrOc2azkk0nOU0mJs0iZZuZVjSSc2dT3ICRJq5AEE0gAACAgYgokLcC6vNzelZ1N24JdCBdHmSaPOo+k+1+V+tj0unn6t8ddc9Nc7qLShFkTczUp5zTyrKXOIc6a1ndlAICpHUsYlFJSCSmmSrakSjlNa3lbDaaaaZ3c25jWdI5PO9vh9fPxdvR4fTrz1z9Xoed05+D7Py/i/UfP7/AEeXr6+38rGHZ0a/nvmYt/PW+lwfOn2fq/RaePfo5+7fzHozj6y57vipQrm4UblVjpua6Z3vlpWdXLrK7LvK6bFK1IUZzNDynO/R6OHp1y6tebTXLprK9Y0cUzQmgmhZ6QvP5Xr8OOvxWW3D5vdtOEG84TW650m84o2WM1sYJN1iVqYiamJGqymtlkk1Was1WQaLOU1WaNJhWXMpKUpKlKxpCAlY0JOZNdtCCRJq5AEE0gAgACAAABiYK2qmm0NtomqJZRAXrh1L9r9N4H0WJ6HVz9O+GtRVxdRRRIjipWcrmbzx0wzvEnOdOvTn21i2qZE5KJM2nmc1xMTVLNa1qoerRKtpRnOXRPCb/NdZn0a8b2OGen0uHm4Pd2q+Pv8Ar/G6u3Hfx/T14ezmz08/s87boz8z18Pgfttu3l6PyTesuecfL+X9HzPs/f3+g8D7b2cub2Oc9nyPJ8D675DyfU7vR+c9bzZ7Zc6+YErorXGu2OisX05b1hWs7VhtZrUXZQBMaqawz6efPTFYzz6+rrx7dOPfvydG+O1Rd56XFXFORKEyY0gy5evnzv4/5z7P4Th7NZxmb2WIzoZFaLNGkwk0WYaGZZZmFqEWQkshFkJLUlMlJRKSkkNCsBCAIEFgJ2gy65E10ygJEBcoBBNIAAAACJgACjGoxzYwaAFAAADu4e+Pu/ofC9/E79+bffLfTHS4uRRRAuhLsmNM5cePt8/PTGpnPTr1x33i2mwovPFSjLzdd5z7vDcL9DTjy8yPYnc8Jexwe3ryznn6/TfFlhfxPb3eV2+j4/trk530u/hzL5csGXjx7du32Pu57k49cYR53q+L0nFHbze2cXZ+X/bW+Lb5v5zer6Pf8rh5PpuDHt+Rf0Xi+L9x6vmeA9fofV48fe5efn76v1fzW9dPX9Xy/Fn2PJz6OTPt4eP6i65n1+n01yXrHVtw6x3aclnSvJ4ePv8Apb+W1nT6XPx/Q6efm4/W8jne3p83t1PT6OTp6+Tovn0vPorDS41cu5oBCLkyw3wzvy/zj9M/OeXp4JkzuiCyiUWpRSSKSRRIjEhiEBA0KxiABACQEI0FCBBCppACLptO6YF68ia35hNSICxAMiaQAAAAYgAYKwc0MGmAoAoAgAHbxdcv6J7nhe3h3dHH0a59Gmd3FsqyI2mWKmV1mBM/P9Hy8bynDPPb0Ozk7d89BF5rOs+W8+a7+T27PRx2+R5tKnb3cpbfsmOW0fO14/l/R+F7vX4uBzfR/C9m/Bv6fH6V8GnSdfR45n2+l14rr+630y7/AE+vB79Lj5fP63FrXzXB9h53o/M+brgfI+H1dPD18/D9F1eX39vt6Pl5ZnhynPPxvnfN+g8D539N97u4d+v4bs7fM9T1fN9bo3y6/d6/nvT4Hn8/AnHyeHLs5fofqJ08rTz/AF/T187Tj6O7zeXP5v6Tp1j1Mdebt9avV8756e/zefq7143ovOvR8j1N+X1Onk37+Ho3y21xKNGXcu5oC5c1JnjvjnfH+d/o3wPPv80Iz0aAAQ0AIATSA0AAhpAFTQIAgBIJoBFgJDSVrSWjJasTum5p1pqr24lS14EmpENXKAZExEADTABQAGOaAcoDugAAAEDED6+Tql/RPW8X2Od7erl6tY6NMtdc9ah3FIFlWlznaWsPI9zgxr5H0PM7uPq9rfzurt5+sh3mZXlwnL6Pm+l+e79989+Hh068enpx1LB/Qxpmp8ty+b9n5bfTyebTl/S/A6tvHvHh9rXxdc8fT7PB+mx+s2vl1+p+m7fU8Xa+X6Dixwnn9LzFnrreSnHX5Lq5Mvk/hPX04ejfyOvp8uumPW5uYud88scV+H6Pjcfpe10eXs4+nv5nTvz+53/M1316uHEpx6M8MMOvp8j2/u9PnfI+n+U9X1/R6fA9b4P6+dOff4363s9TwOnfH7DzfIy7+Tv4+auPrqM8s9O/2fmfoPV8P1e7g7+/g69+N64dj4OmTprPXXNg7FLmJx0ym8fjPs/nsdfzpUsdkMENAACYIBAEMSRoVjQhpJKUqylKqiVVEpaUlrSKEACYxNuqinS6ir15E1rwJMkSauRNIAImhBpgDUBzQBKMLRiUGhoAAQAV9PNqfofueD73LXZtxdGs9uvHrefU+WrOl4B1Z5qtVCWkqa5uH1ozeUvx74enn5t5+Q0Om98+Lo7+Pj6+nXxOz4/1/Q5/Kw/T+f08uZ/T8vT5Hi8no/Q9r09b0ejyI+m35T4vyPcjPP546MPz/l6ftPhfq+H6bs24Oj0/T7b5NHHqfPV57zhNu2GfLjt4HBll4fyfr9vJ38fJL3xnGl5a6fM9LPh55dvI1n6H0u7o8Xs8fD1t/J15+b2NPJ015/UjzoTt5ePn16fS+n+O+i/RcNPnfY8f6F8f0vH2/Nfs/U18/X5P6zs049OfborneddDwldcljrMfVfBfaez879Ppw9fTzadW+95RutNcXc1cMCxZaRLnltlnePl+t5+en5VHRzY9jQmWlKWpSWQFqBLUK5shFqCylKsuZmrUBagqiWrEKxFNACZIgBtDVOadKctvnTW/GgEQEiAuUmIgEGANOaYE0MFAKAFAAAQAAAdQ1+6935D1+Hb2+jxOjN9vbx+nfP0tPP01ntfJddRzXW1cjXuvh0uesx1uM/C9/LPm+a9Dnxv4j6yPnvY39Pp18tzfDyacz4ivA+7r0/k9/nuv6q+ri0+j7/v/b+U+v8AivK68PmtU8T0/L+m6/V8Pr5+fbk6/F8fL0enyej83/QvY087ecut85rG2fLi6dPFmuXofZl2c/Nltv3bx5mP2Hja4+L43uYed8953V5Hq/J9OnJ0/TvL1ef0ePn6t82/lkzPH04d0cFd51dc+j+g9S7H6Xs9fDz/AFHncr8TxfSfPeKXt52vwPp+hpwa8Pf3nJpj09Cyhrbmnn345+p8b6z0/I932nrMvVXrkNpmiA0UMcPOUhZzVcXZzTX5Xxd/n5+qJTcOSXOlKuaIJi1BZSlM2pClJZSSGhI0gYim04YF0A2kMEAgCkYFraJqnNN4KlvzJNMoakE1YgGRMQAUYTTacoBaAKAAAgAAAAA0L7voeH63Hr29Pl9HPr7HX5HbZ6Ovna3PoPz9jt04K1O3ojr3xhdeu8eZ164Z3vM1c4fOfU+Zn5XkacBPyHdHKJvhnzc966+Pf6D0cPHk/T+pq+d+7r6vvfIbn0HncQ12c+We51Lkz4dfqvmfpPFz+Vw7/l/R/Kf0H6Do8vf5n3fWz4I5Tfly8/0z0dM75+no9fyO7t5/frzvQ9XzOrXyMnPm4b5PL9Xn+L+7+U9Xx+n2+D1vs/n/AJP672er1/msurXpvDh8j3bx1/LsP1H5fX0vC7ODr+l9n6n0vnPp/BpVz4c3gfP/AEvi/Q14WXVh8PEa8j+d37L5fc7Y87P6zq9Pi+D1+t4+V7v0Pn7PH9LSja4mrLiZcQ1nnNbLnia6Y5883eOaM67MuaV+G8X3fC19OYuLJTTjKavNJpkTVyAMgEIGiGgTSCaoaYNOGBdsG0AKlSRAIAINC0JzWaa6cEmSJNSCauRNIJplgKwc0NOaAKAAAACAEDQMCgA6Pc+d9nG/T0w059N+jg1zr0q4bl7dOBzXpdHmdW8+31+Zv6PN6m/D0a59CkkyrZZ1Ge+S/E8fvfLef856C9j0/R6Pi+P9Fnfr/Kdf0X5v6T5aqW/oYRXP6eG+/Lt2x0tRjrV8deO6cW2bzfU8dR9L838/xet5fyftP0fK18v0/Rx5tePr59eXbr5PpN+Pq+H+200zWddW/n6az2ZZVcvKZbv6D5X7jh4Ov5+sP1f836uvi3+v8D2+zLf5v3Zno589PBoPf8T5Dg+q+L9f6H0/T+c3v0/pebxpxe7izz6uHz/Q4Plc8evP7nzeG/aw6vq/mujpnq8vs5tttPm/oddp08f0rtZ3ntGIuuaylWNc+Ohnnjjpphjjjp0RhGb0VzOz5zxO7g7e1RcWSmnGU1cJNMCauQBACZEwABJiIAABtNRp3TBugMVJkkjTKAuQAYmsy1rkgESakE1ciaQAQAG05oac0AUAABAIABABRpgBR2cbl97p8fr49e7bz9Zrs04lNdz4Kmu7v8Xr1n6Lo8bv68/a6fN6ry7b5NbOq+bVh5znN4cPfydvbtpHZ7JGz0zw5eP3PNu/kPif1L4rl7vn4xW/ldM83TOLr7r6r4fq/J8v2Q8b8M7P1n5f6vk8B4c36f4Eeb18nl9eNT9Z8n6Py8fp+/h6fkmv6H8t6uOvqfP+94f2OuOq4enNwt9NllNXnOGs195+f/b8vkeD2eV6H9B/l/btw7a8npel4GnLXtR5s41rHOu3BfF/W/Ja+tzdXV6u/wBFwdHX0Xr4fnfZYx8HyfXfL/M5ep9V4Pr+/wDOejvw77+b7Pf876vzfsdvVHR8P9U9FFwYY7zRz7cc1s+F4304znGfPXNjo81jnWsQG/JXm14Wdx39qmomJTV5SmrySaZE1cgCAEymmAAhoExEDBpqNO7bG6DG1JSSVSmZTVwAIAEprXMTSICRJpkTVgAgANpzbE1AAAAFAAgAAAADE7QArt4OvN67565b6Xzk1vfLa9bpad/r/LezN/QdXkddz6W/mbM+lXE9Z6o55zvTjjm7+72ezyur28fY5VjPN28sYt4+J7XmT6H5lzez4nk+V6X6lx+1+Y9O+uXR5OSu79XLlXRzefXm/mH695vuz+QdD/Zfv/O5Pph/lu7bfozMbxXxPwv7b8y+l+fV5m/v/Q9CyJ20mO/WOPj+zXbweF6a4vLx4fT8b0P3X867NOQ6+XvvzbuPRPPVz3RwY66dGHB09Ps9HVw+w+p29T9LwU59t+L4rl9Pz/qXz+yMZ+e9Pbg1ng9P6Twvofz36no6Mejw+9cu+tj6rz6+fl5tc89vI4fZ8PzerU455dNMY5Zd8eeF6458E6a7Nej4qLjr7VLlzlNOUpq80mmRNXIAiByAhGAAAhoABgKNO6ppujY2xMWVSZhUnOQGQBFNTrAmmUNIgJEmrkAQAG05oaJpiBpoAEAAAATAAAAYWnbxd0Vh04ZwbY7zTXSs9F6ni9TU9s8c19J2eB347+v0+R2ZnpvhdnXnhz4649Hgev6fqetv5230fL6Gnn6Xj0xjnG3DXFz9PzvZj9L8TXpbc235/wAfX1efs8/prkPf5+vmzjy7pSvJ0fr+d6F821437PN0TL+jilC5lFR4N/k/x37P+Ffc6+x6/H+qer6PB78a7813OvTjn43vZL+R4/qv5p9H5mZ5+30/mdFc9a665HLNVxZc/Dfp9PF0/Q93b6Pk9PW+51+J0cH0/neVyY13cBzemxlnjnw9u/l+p5vF9v6nH2/lv0/Rvnvvjn0466xrzLCoxfLntr897Hg8+nKuSfJ6uvjjm1nTLFpXt9X0PTmvB9/wek+Hi4v0pmpnOU1ecpq80mmEBciakYhkGhgAAAAAAA0MGqabdNVegDalUmYnSWIVJzQDKTWsJNMiaRDUiTVyAICYNEtCc0NAAAAAAIBiBiBgA0K/R870yufq5s5nTG06enh2m/S58XNuTCWvQ8nXHX3uzx+zh6/S04Kl6/By8jtz9r1vD9S/Z9Xfh6PZz7DkeuXThnz53txxx+f0X9H839N87h0ba9fj+Zya9dd+HPtpXp5Qa135889rji7GvDNa57+Xz3eJM7LJRpOefKx+Jfs3559X0fQ+14/R7vT61+bt6ufqb+Vv6OXflzlzr53VlL+Mz7ny/s8XpP1PovX6PiOX9N5Jr809f2fK+f8AJ5ehx9z6munLfr83drw66mz5g0xyzWubo5fFzn6L5X6v5t+27fJ7fk/X9jfy+vr5umIz1h5xDo+PXjm8/A7PH5da5+vi57x5167J9by9/TlumtYjxPb8edPg89ctfRU1MxKavOU1eaTTAguRNSACAAwAAAC0AAGoBLTmm6qadG07tDCFaYzm5c4GnNJrXNJpkTBJqRDVygGUwQELQiVtCsRKxAAWAAAAAMCUAH6fmelLrzdXNnOQlZo8Rd1gG2cFGuSmvQ6PHvHb1OR+znp4GX3++8fDe17PXz+h4+/1ndvXxXR9pprh8lt9OOHzHN9Xz5z5vq51rlospuNFhDfXfDUnoacO+sddY6a56Q0Zy8/PvQwPyt6DF6Vjo/o3zfm/uX9PfxnL91wz0fO+t266mXRd+jzwuhaxxcPr8+e3ynr+xrXJp0mscx0LTh8D6xXp+Vcn65jvP40v1TxPbw+J09mu/PxY+kpPml9Hnzvk9nr/AGPlz5Onp+V4fVx9nl9fm9/p9fkdPTh6L5tOnnjKMHTThvzcdOHzu3cy8mMJnp9vyPYzr2e3i698dzMS/M9Dz7r4LHbHX0VLmYSauJVTeaTTCAuRNSACANEwUABhdACgyVMBuW1VTTdNVegMupVpM51hzzVqc8k1rzpMZQAgJEmIk1coYygAAGIlYmMQrEAAAAxMAFYiV+j53cdWO2WJz57RZD1s59Ovta8uvoOrO/lp+qzmvmt/c7c74Po9vRpd8bb4XKmy3BLrWIzpic6vHLPPXqXPC9EcuTfVjw8uOvqvw8OfX6rp+P8AS1y+p28Hr7ef1jzq1ntnlUvRfFtxvTXJXadenL0b561F6wRpMYc/Vlno9uPa3pznkZvTn2xrfXHbfJ0i5UVlNJTM3o4pGSwak1vK7mlSRKgy4PTU38FP2/ynm+hOnk7c/R6/V4e/Tzejxvl3zOA5prq8O9Ljz77qhetx+nL29XNvvloibHw9fC38Pjrjv3qWphJpiVU65pNMIauRNSACAANMAFYNoB3QMllgAA6ltXU1elNO9AYsK0zmtFMcia14UAiAQTSCagTVygGUAgAgJgAo0Q0ANCsAAFGgYCnZx9EehFrFyWtIdT7ml3nXN3stjKegieqdzffn0s6b5GnTOEnQcovUciN+aObOrjHHHTrjkm625p5Z1XHfLnpnlKPS7PJ6JfZ6vD3y97f59s/Qz4JXr7/LdN6fQvwJZ+r6/m/U6+X2NfM27cO043XROCzVhfl57ephyRm+lr5erHq6+Tprn6i81WehHApe84Kt764Ks7nyUz1LFprpz6J0PKriyQaQtYaqPlvnf0TxuHv+V0ji8/q9DPk23xxn2+zrx8br9Y3z8jP18I4uxbmm2V6w4Uy3w9Xl3XyOVTr3SmmUmmFNTeaTVwJpkTSACAANMGm0NNpsd0hiiZKgEGmtVFN3UVelNO7FRbBRJ56avzEAygEE0gCgTESZcpMRAIAIAAAoAAAwJQAGhWAppnS+o8d+cq1ovV3cXVNdvRy6532acuh03zaprrztem+IXsfDcdkcqXqnnmXqnjherHDOXbA5V1nlzm+zHLNXz1C45653NaYkvXp55N+ll5uK+hjy7L09XH0N108vZXb3+Prl9Dv4nrb4de2nX28/LfYa5cHk/Rcmenzcen43n9vQ/OnnfVfjwnsx5Ey+pPjYtfT381vrH0W3z3T0x723i9m+Pp3w6a5dtcVJ33w6XHWuZnSc5ZucxL0YkVx+V7ueenz/AHd+mXPey6Yid4OPn6+bOs6FLSMSqxuU+Z9j5W9uRNb9KTTCTTCTVyk1cJNMAJAAAEAajTUpNttVdgxpDCRqZTAbTtqop00c1erad0JlvmjU+Sk0ygEE0AEiAEMZSasExEAgAAADBMAAUAgBqA1GmvX0cnTibac2mb29HnbTfq7ebrNelfm6TXpbeVrJ6T87aumMBd789y+guNHTPFE13Z8sHVjjzy9eXEG2WML0HMzdZNdM0VKcIYZ5751a1K2nadL0Kz0ms8K7O/zvt5u/Ynbt4tNY16cRt3OPJ3cmd+L879P4Xn+j89OPFy9Pr6eHV5e1Pm6SdeOeNw9+Ho1O7o87bHT2e3xOm49rTyN7z9HTzdGfS18y7n0q4K1n0I4hO18rs6cudL1PCrnornu52mZrXOIJ5q5M70WGeddWGMHTnzYrPz/0Hzm+8IWupNSyJplJq4SauEmMoBENIAINNRpq2m26Tu2wbBiyUpJKViYDqW1dRV6VUl3QhfPTT5aTTCAQTBASCYIBBMEmMoasAAAAAAAAUABhAwaYNdurj7ssqU4ml4VL07cVNd9cF512156X0+zwew7jzW1358+J6NeXpJ2Z4QvUuSpd4ySCUGmYCqWVUNq1nz2bcsVrmU6HpNze2+GzfQZuanm6Zr6H6jxPTue/bz9unP0NfP01z7jjm568OfHO48ns8/l6vnvG+k8Xn287Lpz35sujmNc+wz1xutIqaq4J06deOpfR6vJ2j1X5xJ6mnl6J6Z5rT0q8yrPVPJLPX6fG6dY9SOAue1+as69R+UV6OXDivVy8/KvdlxZp3TxWdO+PScvzvr+P19CTV0k0yIGUmrlJlzI0ygGUNIAA0waatpt05u9G022MaSpCVJlKkgwV1Lapyrq1KTlVK+GU05oaQTBASAAACGgTEQ0gmWCYIYAAAABKMFGmoxq+rlvN64NOaDQiKYIBRUhaQjrwm5RwldSk1rKwGSjblltkOhYUc1m+MvWJKaQ6pZsqVtDW2nPTXSsE1rfN02/Teh8538+vs6+RpqexXkO49WPLmX0OTg8/n09Xn8um+njs3z87H0ebXLhy7cry49nDPVfFpnfUYXNaPOpdNMHLvfPc101ys6jlSda5CzpONV6GXGo7tvOo9I82pfQvz1Xoc/LlrPRliXGhnRr08u033Tx8V3OIuvcTSJNMoBlAWSNXCTTIgZE0gAMTBptNptU5puql3pQNsTFSpIlSRDSDSSklYxJMk1fMk0wk0yACAkAAAAAEwQCIaQAoAAAAcJgo01AajBW05a2wM3tvhvGuxY65BQkGiILEh0lQIYmO4uKaqUHmumfLlrHRlNawOnLLprJoSw7a5lIgM7m5zLNPZ6/ob24ezsetfOcXvfP8O++vl689elXmVHo48khza4bxjtzb6x0dHL1LWXTLPBj243PHn15XPOapnKdkmW+cnXfDcvYYa51ZIrRKOJnU0WbNBEWgWiQqBU0NlFJSoTWsYzrvUNb6iasSamRNIgGUNWJNXKTGUmmQC5EyAAGm02m06lt1U1elOW22nahoQ1IkJkQrzBCNAmapXlKpMSmmAAQEgAAAAAmCGgARDSAFNDgAUBqADBqNOaYEMBWApUjWuvK83tvh0zOtZ1iEXFzRmrNKwDpfKS9KwaHPrOsZ3Tp0qzpspU2SlJyoYKbkiNM7I+g837HWunry6N61qZ3z8j5j6f5nh7PLjTHOenfy9nP0HyGddGAazO06Lr1cu2d9JkpHlcWYzqrnnnoi5wnZJlO81iaic5tKVpgpd5iwGinkjYxDWc5rZxcNNxIZ3VxE770k9dgBRNUgUyJplAIgEE1coauUmmUmMoCwAQABpzTctqnLatzV6OopqhNtoQITCRLDQXADUGLkmrxSaYkaYQCIBACEwAAAAAENAAgmImAAKNNRpqNNRhK2nAAowUAaGhptC3piR1vn254a0JjJapM3RSG4l21h3AiRLc0o2QDayVIorKycpW+f0f03zPtz0+lpwXdduXNnUeJ6Pmcuvn5dGMxjl0Rrg9eXRN2qzuqhzetYku7wDcwpLvOkc0VE6TZM2JE3KRFqxFszLDNWrIKSAxU6cqYgmY12ci36ABQBWAICxJqQQMoBEAyJqwTViGmUmmUBcgCACjCViatptOpd3TltUS2mJAhMCC5AYMppN03yqlfLKpMyqTEjTKGkAITAAAAAAEwQ0ACAAAwAVgKNOVgSsAYCjTUAUAaYmrAUuCXp24rxnrWLk0UBZDS3NZlICFoJBTWXSVuS7aBJz3UzyPoLno9T5zudfb08e89vVz4FHTx1hM55az054vPRiI2TOWsynRXPU3s8qloiU2rDU2edTVEhSSRomnIITQDGIBImlSTEGNQUq8yd+hAa7iAAEABoFAESaZQCIBlAIJqwAsSYkqkyk1cACAANNRjmhptDTtbkaokGSIxOwBqUU2Nt0TZdciY8UpplJphJjCTBASCYAAAAAAAACGgABgACsAGEowlYAwFAYANACjQ0wFYgbQraFblq3LWqhzV1m10IbVktunNOlVNOlNO9AdE8/V5rhxbpvidO3mzjp7G3h9ud+guUx02wKuE6pYnSUzVNJp2kLUMlqhXEm75GvSZVFCkuECG0bTViSuXF05FrqyS9KILqoC1AKgEQCJpgAAAJoEFygJECuQBAAExEmrEmmEmMoC5AAaasTmm0NMRTSEYhG5q0Y2yimyhujGNiZXGNPEk0yk0wk1cICRDSAEAgYAAKAIAAAAAAA01AAaco01YEMBQAYCgCgDQArExiagCsBW02m0NU5bVOW1Qm3TmpurinS3NXo2ndvzfS4Z4c51nPysJ1FzNnKunneb01jed6OHK0CS6qFTay2IlRUzckptM1vAmjXZtGvU0F0JlqTTSTV0JyyJpBNTIgQTSCBENIxANMAQAkE0yJpACxDQAIACVK5SYzKaZQFyAINNpgTTEUIGQCwapopU2U6dVTboMbaGKgLOQB4kmmZVJhJphJpkTBASJgAAAAAoAgAAAA1AAAVg5QHAAMBQAYmoAoAACjQ0wAaajQraatptty2qctqhOapzTpVxbpVTV6tp3ZjsMca3jj8bA1Eh6XLjrVOklu94tm/ShghkwmCpMSSxmCyZhsupKV6pNa6gJliJAASaBAiTTCBSAJABlAkAEQEAFg0KAIJpBNIJpACwAEMEwENWJVLKm5YkauAAbRKwFEykBYMYMp0KdOhSp1KTuwY0hgkxORMeFJpJVSwlSYkaZQ0iGkTFDEwABpqJghgmAAAAowgYKNOBoGAoAAANCsAAFAFAFYmrE7WJtNptNomqE2nUuaqpbpVxTpo5q9W07tiFJomJoMedpGujQa7MQMBQAAEAAAVidACiaQQpEBMCczLQDQkABJpEmmRNTIgQQIJpBMRAIAAAAAgEQFgmpAFYxAwAAAapDSSqVxKaYQxkBtACgwQ2JurpWU6lDdBjbGF00xUAiBJyjHiU0klVLCTTCVJlJjKAEmSIAYANNQYIYqBiGQAA01AIGmAAAA0wAUABpqAKAABaAKwFbltNpq3LmnUtunNTbqabqpp1q4q7oRelCFBCMQMEMQMAGhRoAAABiYAWsQAKQQpkBMiFIAIAAmgQMpNMoCRAIgGRNAmkAEAAAEwsQAJpBNIAIJgmANNQHSTElUrmFSYkYymMTG0FDSbppU26KirtNjQwuhpqACTTKBM84DyoaSVUsSNMJMZSaZQ0gmCTUg0waFbTUAgAUGCYABAAAAAA0DABpgAoArEUxCsQMBRoVtDVCatpzTctumnN0026qavWrim6E2wAABoAB0hoAFGgYmoIGAACsTAAQJBNTIhTKAQEAAACJNIgTICmQFYAIJqBNIAIAAAAnYgEEAJpABEwAAGmradqGVKpMzNpiChJKYm20m22qKuxjbGm0AUwFGgAQS5YEJjIY4iaSVUsSqlgTTKGmUNWIakQ0iYoYAxNWBK0CjQMQMTBAAAADAAAYmMRDAugAAAAUAGJqxNpgNNpyty26qam6c1elVNOlOadKAVoFASNoGAAFoBAAACgFo0DE1AKAAQSICZUtTKAQBDEDQIgSCaZE0gCQAQQIIIAEAKENBAACIAExEAgAAANNW07QZdIYkqhIKaSUE020my6GDQwViFYgYgYkjSVy5FMiBiWncCaVTUsSqlzQDKARDTKVJEAiVKQAAAblqwJQBQBAAAAAABWJgAMAAFGACFYgYgYCjTBoabQ02nNNptU5puqinS3NOlOW6U5FokKSChMYmrEDEACGIKEwAtGi6YJWgkE0gnMyk1IIGQQjE1AQJpkQIIEECCaQBIASAFAAAkAEEAAIACAQEwABpq2ndNp3QN1JQslMkprDoWW2sjBAICBoEAQAmQEgmmUmWS02QYszSYmalzSaYAEQ0JUmUmIkxEBIAAANy1YCgEAIYIGmACsTAAYmAAxCgAAKAAAMBWJqxNpiaupc3Tmm6qW6VUt0poboQrAUAGJq3LqhENAIEMQU5ZQnaAXQAoBIJqZlNIkEyIEAAAoAQQAgmUAiARAIgEAAAQQAACaQAQAEAgAAIYmDTG07ptO7pp3Qx3QNtS6LZKCSlEqkiTJlJiIBEAyhghlJUkkpM51NMADSm5ZmaTnKac0AgAiGhKkyk0yJggJAAGhW01AATQAA04AAAVgAAMAAFAABDAAC1gSjTABptOabltU026qW6W5bpTQ22hWIGANotYCsTVoBAAAFSygBgNAFAEJOZlIESaZE0g0DEDQAJogEQKQARJiIaQAAAExEAACCaABBNIACAQaBtNW07ptO7pp3VNO9G1VrAugYJMSVREK1JBQzBQkFCSUCVFSrSSnLGdTU5MBtKpZmaTnKaYSYwgYgBDSJMZSaZEwSZIADE1YCgAAAAAEACsQMAGmAmCCgAABgSjTUaagCsBptOadTTpTmm6abo2m2ADEKxOmArAViatAAAAAArqWNoViBoQIUiTTKAZQCAgYgYhAAECCCQTSAAAIhggAAABENAmkAEE0ACIaQAGDtKTabTu6ad1Tl3dVFXVNO6AFEwQwlgiVBBQkFpJLCCkkqoYUVM551FTlQNtJpJTTnKaYkaYAEEwQ0JMZkaZQ0gmoAEABtCsBQAAIAFAAAAAYACBiLGIGAo05RoVtMAGhptNptOpqbdS3SqmnRtDTBKwAApiasTViFYAAAAMTViatoGSDQCTSJNTImkQDIAAAAhoEABASAJAAAAABMRAAAgBSARDUgmCAsAJEDoaatptNhd05q6bRdUJtU4dtktaEWsTtBioYIYJUJIxFLmZUVLnMuZyzqKnG2m6iaJmpc5VS5oBlAIAAAJMRJjMjESYkjUgAg0LQmoDVAABAAAA0A0AAWAAADE1Gmo05QAYhWA02m1TTnSmm3VS3ShNoAUEIxA2i2hCtoViBgKxCtoGArEKxFgIgQIIUyAkAEAAABMENIACAkASAAAAAiaAAACgBENIJoAEQCAAAAwVtNW07ttO6bQ02lVEsokW3Dt0IbViLqiS2hA0JGiWSSZglzMKahyyuKnG6mnYTFmLlzmalzQDCAQTAEIAAmkE0gmIkxJGpkAGJq3LVppQAAEAFAEAAAAAAABgwlBippqAKxNW02nU1OjqadHU02xNsAAEjEDaLWJqxMYmoArE1GhWAMQrQIIAQMiCQTSAJGIGAoACaQAEAggkAABWAAAIAAAAAgEE0ACIaQAAAGmDTapp3dNO6AaoaBMAQUIWnLtpwW282WpRZAVKTLSGRCYU1DGV53OF3FO9JppTUsTNS5pNOaAQAENIAAACYiTBJjMqkygJAAblqwFAAaAAAAAABIxMAFGCsTgAUaBiajTUabdNNumnOlOadG0NMQAFgJgANoViFoQraFblqxNWIpicogQQIAkAUACCaQAGIGIAAECAJAAAEEAAAAgJgAAgAEENEAACIAAAaBtNqnNXVNO7YO6FQslBBQklKECRiEYgYimSIxACLAEypaYxoJwuwd6AbUgzMg5ygcwBEAACIBABAAQAACQMpAyASDAGDQwABUAgACBAAYAAKwJWAAAAKAK2ClA22DdMJ1bBqgGgAABAIMKGDQAMBWAoAMC0YSgCgFiAhAIgJBAACAAAAACAAEQCACAAIAAQQDQAAgAAAgEAAAEAgAAA2Cugu3QXdMNbbBoABAJBIkDKAmQBBBQAgAICxAJMg5f/8QALxAAAgICAQMCBwABBQEBAQAAAAECEQMSBBAgIRMwBSIxMkBQYEEUFSMzcAY0wP/aAAgBAQABBQL81okiUScTJAywJx7mP3KEiiiiihj62JiYmX1ssssssssv82yyyyyyyyyyyyxsbLNjY2Niy+2yzY2NhSExMTLLLLLLLLL6sY+qERF+RX57RJEok4mSBkxko9rH7aEhIoorqxj9iyyyyzY2Niy/esssv27LLLLLLNhM2NiyyxsbHI2Niyy/ZssTExMTLLLNjY2LL6X0Yx9URIi9qiiiiiiiiiiiiiiv0DRJEok4GSBkgSj2MftIQkJFdKGMY+xCXuL22MfSyy+2yyyy+6yyzY2FIUjYsssbGxv8BCEWWWWWWWWWWWWWN9UIiIXbRRRRRRqalFFFFFFFFFFFfoGNEkSiTgZIGSBKPV+0hCELsYxjH0QhLtfs0V20V1Y/Zs2NjYsv2rNjY2NjYsv8Fd9lllllll9X0REiIQihISKEiiiiiiiiiiiiiiiiv0bGiSJRJwJwMmMlEftIQhC7WMY+qEu1j7kJFFFFFFdK6NDGP8J+zZf4i9uyyyyy+qIkSKEhIURRFE1NSiiiiiiiiiiiiv1DQ0SiSiTgZIGSA/ZQhC7mMY+iEu99yQhIooooorsYx9KK6UUUV2ruf6myyy+qERRCJGIoiiKIkJFFFFFFFFFfr2holElEnAyYzJAa9hERC7mMfVC9xIQhISK7mMYxlFFFdlDXSuyiiihj/WoRGJCJCJGIoiQkJFFFFFftWholElEnAyYzJjJR7kIQu59H2L3K6IQhewxj61211a6ULuY1+dZZZZftxRCBCBCBGIkJCQkUUV+5aGiUSUScDJjMmMlGu1CEL3V7q6L2X0fbRXWuyu9j/Nss2LLL9qETHjIQIQIxIxEhISK/esaJRJRJwMmMyYyca7ERELtf4ldF7T7K9hruXVroyiv1CRDGY8ZDGRgRiRiJCRX8C0OJKJOBkxmTEZMY10REQvykIXe+j/Ga7K/S0RgY8RjxEMZGBGIoiQkV/BtDRKJOBPGZMRkxDhQhC/LX6Kv06gQxEMRDGQxkYEYiiJFfwzQ0SiSgTxmTETwksRQv4Jj/AA0LtfcokcZDEQxEMZGBGIoiQl/E0NDiSgSgSxksRLEOH8G/xELq0MfVIjAhjIYyOMjAUBREhIr+MocRxHAlAljJ4ieMlEf8C/w12sZRGBjxkMZDGRgRgKIoiRX6JdF+roaHEcSUCUCeMniJ4xqv5NC7dCOIhiIYiOMjAjEURIS/SL9fQ0OI4jgSgTxGTETx1+9f4qF1USOMjiI4iOMjAjAURIor+WoaHEcSUCeMyYjJiHGv3j/FQkRgRxkcZHGRgRgKIoiRX6hfsqGhxHEljJ4jJhJ4qK/jkiECECGMjjIwFAURREiv1l/sqGhxJQJ4yeIyYhwr+LojAhiIYiGMjAUBRFESK/WWX+1aGhxJQJ4yeInjGv4fUWMjhIYSGIjjIwFEURIr9ZfSyyy+y+ll9L/V0NDiSiSgTxGTEShX8HQoCxkcJHCRxEcZHGKAolFfrrLLLEy+y+2y/wBZQ0OJKBPGZMRkxDjX79RI4yOIjhI4SOIjjFAUBRKK/YWWWJ9LLL9yy/1NDQ4koE8ZkxE8Y1+vft0RxtkMJDCQwkcRHGLGKAoiiV+zsssssssvvvrZZZf6uhxHAljJ4jJiJQr9tQoNkcJDAQwEcJHELGKAoGpRX7W+lllllllllll9b6WWWWX0vpf6eihxJQJ4zJiJ4hqv2WosRHAQ45HARwixCxigalFfubL6WWWWWWWWWWWWX0ssssv9ZQ0OJKBPEZMJPHQ/0y76FAjhIYCOAjhI4hYxQNSv4GyyxMssvrfSy+lll9b6WWX0RfevzqHElAljMmIy4iUa/SIXbRHE2QwEMBHCRxCxigalfwtlllllll9LL62WWX0sssssT9hfoaHElAyYzLiJwr9GhdVGyGGzHgIYSOIWMUDUr+KssssssvpZZZZZZZZZZZfRF/qmicTJAzYzJCv0SEhQbIYTHgIYSOMUDUr+NsvpfSyyyyyyyyyyyyyyxPpZZZf6honEyQM2MnGvz6I47IYSGEhhIYiMBR/krLL6WWWWWWWWWWWWWWWJllllllllliZZYv0LROJkgZsZJU/y1GyGGyGAhhI4iOMjES/lbLLLLLLLLLLLLLLLLExMssTEyxMsssssTExP2KK/IkicTLAzY/y4Y7MeAhiFjFAUSv41r8GyyyyyyyyyxMssTExMTEyyyyxMTExMTExCEhIS/LkjJEywMsK/IoxYrMWIhAUSv5Boa/CsssssssssssTExMsssssssssTEyJGJGIl+ayaMkTNAyRp/jYsZixkIiX8dfSyySGh/g31sssssssTExMTEyyyyyyyxMRjjZjxkYlfnsmjJAzYySp/iYoGKBCIv4y+l9LLLJEh/j2WWWWJiYmJiZZZZZZZBWYcJDHQl+iaJxMsDNAf4eONmKBCIv4C/ZsssvpZZZZZZIkMf5NlliYmJiZYmWWJmKDkYMBCFFfpJIyRM0DLCvwoqzDAxxI/nND/AD76X1vpfSyyyyyyyyyyyyyyZIkP8uyxMTEyxMsTOPhcjBhojGv08kZIGfEZIav34QsxYSECK9xfiND96+l+xZfbZfWyyyyyyyyyyyyyyyyyyyZIkP8ANsTLExMRxOO5PBh1SX6mUTJAz4TJj1fu44W8OIhjFH3V+LJEl2332X0sssssssvpZZZZZZZZZZZZZZZZZZZZZZZZZZZZIkS/QWWWcDBu+PiUUv1ckZIGfEZIav24K3gxmOAl+S/baJx7LL7L6WWWWWWWX0sssssssssssssssssssssssssssssbLJMkP9FxMTyz4mFQiv1skZIHIxE1T9lKzBjMUCK6P8RfgNGSAyyy+llllllllllllllllllllllllllllllllllllllllllllkyQ/wBDBbS+G8fWMF71/oZIywORjH7CMGMxQILox/h2WX0bL92SMsBlllllllllllllllllllllllllllllllllllllllllllllllkh/ovh2HaXHjSX69k0Z4GaNPvw4zDAgurH+O/fkrM0KGyyyyyyyyyyyyyyyyyyyyyyyyyyyyyyyyyyyyyyyyyyyyy+kh/oYq38Px1HGIQvbbL/AETMsTkwH9e3FAwwIIXVj7rL6WL2kyyy/fZkVrL4lZZZZZZZZZZZZZZZZZZZZZZZZZZZZZZZZZZZZZZZZfdL9FxIbT40ajAQvaYxiLL/AB17U0Z4maNPrHE2Q4xjwUQgJdLLGP2L6L2rLLNhMXVe0yRy4llllllllllllllllllllllllllllllllllllll+y/0Xw+JhIiF7bH+UuyxyHM3NixmVHJiMjHYw4CGEWMUB+DJnUR8tH+rQuUmLNZsX7C96RFiYhC9pkjlK4y8Oyyyyyyyyyyyyyyyyyyyyyyyyyyyyyyyy/wBcjgLxiIiF7cmX+a2TyUTzNlyZGLNWhToUrJnIiSh8+DEY4C6TlRyeVRObk4xIYbJceSScoPHlFLrZfVe7ZZJkWIj0RftSMqtcpazsssssssssssssvpZZZZfS+tll/tMf3cJfLiIi9p9JDLF+JZueoLILIRmORly0SnZFEYkUUZYkZU7tZULH82OIujdLm56TdvGrePj+MUaeia5mCi6MeQT6WX1Xcu9jGyIhMi+q9lkz4jAsssssssssvtv+AweZ8T7cREXtsZJ9EL2LLLLL7bHKhzsQokYDx+JKhzZkbYjGyPTYyMl9cciRREXTK/HIjJtpowSqfGkpRyRMeSjkyWs/uTp4ZWUalPqutlli76JIkRflMTIi6L2WSOfG4S+tll/xfF+/jfTERF7L6SJDEIXbZZZZTZ6bPSHjZTXSyyUhysRjIrw3RLITlY2SGRkQyHqDykso5inTvomblsocCeBMy8ZxOPneNvlpxlyPOTkNkbm4YCKrol0cSUaLLLLLLE+tlmyLXSRkR/mMiJEXReyyRyVcM6rJ/G8X7+N9MYhe0xk+iI9rGWLyQgKJXSiUDJjJeBsyS82RkY5nqeJTF5JLok5CwoUIoocIsyYmMs2MUrHKldkSMRRPSTWSGp4Zy+OW0bEFu8UFBCIRMeFVmwePoMmiyyyyxMTHKjJyD15N7SFOSI8hohmU1NWp+HFmMiIvoi+9jM3285Vm/jeN9/F+2BHou5MvrIydLIsj2Mkz6vFEXZXSSszYySMhYmRkRkWKVDlajHZ2oliKNGNE8SkZ8MoFNmLwN2zH9cUCUPGNmeK0f1l5XLhTXk48dYrphjs1ipY56n3Lkw1lZMaGxSNixSJZdVPM5H1KIJslilGPgktTBn2MxZiIiEL2WMyHxNVl/jeN/wBnG+kRMQu+usjKOYpW8aF2MmzDEj0XY+mQz+DKyxMTFI2JTMc23dRQiELGqMbszRro1ZlwpEpUIsxS1ceR4xZUzJOnPkfK2NnK8xxffF+ExM42TVwkpLLExZTlyssbPqZYjlTUxSNjJK2iHl44o/061Ts5XH9Mvx9JertGzERYhC6LvYyR8XVS/jeN/wBvG+kWREIXss5Lolkt4SLLL6sb84RdLE+2Zy5UZJmwpCmKYpEmcZDZFiMU/DVq9ZZJ3DpPzBv54y6IjIjOiWWxssbMvmMP+xMsTFIw8hwJcrZPISnZY2RfzTja5MDenDIN+L6YZU5UcbLUOVkucszaskzahPziIsgR6X7DGSPjMPH8bx/+3jvxAiIQva5GBZI5MM8OTG2RsSEusineP6JlllllllmbLGJys2OY4JkoSRs0LILILILJtKK1g2RYmRlQs3hysciyxs5ny54TIzNjYUjYsscicvCn88ZCkKQpGxsbFjkOZGfzr7MytZ1TxS8yfgRZHILK0Sy2bFjY2Y5ecTMRE2NzexMXexnxSG2D+N4//ZxSIiPRdl9b7MmOM0sCi1AfglmHkYpNjsUpEchGSZZtRLkJDztnqSPUcDkfESWdzEmz05GpONmWGhuOZxJXlnLzYmWIsvpY2OR8Sn/zQmQyCmbG5uPIbkpmWfhS+aExSFIUxSNjYciUx5DHK8il8mRnKRB1knO2pCkWWX0svo2RnU+O7UPC3E3IjiIwRXsMZy1eKfiX8Zj+/hfRMTExMTLLLLLLL7KGiToyZNn9RIUfCjYuOZsLgJ0Ry2pzbZFEprGuVyHlkjBi2PTowap8ziRlCS1cqkZePLd8fKceMoZXIiyxMssssslInI+INvNhhkmY+KyOGJ6OOpYGTcoNTHIcyUrc14jIjMUhTFkPUPUHkJZByOO/n38SkZ2P7lITEyxMsssssmxz/wCTgyuOxixuRFUIXssZn+3kKs38Yvrwp/Jv4jMUyMxSNiyyzYssXbJHIxaCMLSeOcZmTFRjlTzR3hkQxiLUMfKz7CIHw7EtJRU1lxUcTImviMNM6fmXyuM1KORRJMjIjITLLLNhyJSJyPRhKWpQoM9KVa0TgpGXF6ZORKRCXnJk8JkGLo2bnqHqFuRDGRjRCyjJBNZsVH0IyNhSFIsssssnIlE+Gy+Tj4thREivZfRmb7eX/wB/8bxZf8fqeIzFMhMUhSNizYTLNjcUzYi+slZmx+nJSIT8w5HyzyK/9R4ySttliOblZmdyX0i/Pw/P4jkVcnKqnlqefJuSaHPaPAl/ycjwRyfNdEZEZCfSxyHIc+idCIxMZGpR5WDUkmfVcuDxycjHFylmwyiiDIs+YkNmxH5njjQiELIYyGG1yMWpngZEWJiZYpCZZsSmJ26tfCOG9Yqui9lsvrkOcq5P8bxn8m3iMxSISExM2NjYUjYXk9No9McJCtEX1yRUoyWk0/PqG45FkmbU1I5OTbJIiy/OPK4GHnPXLydjc3H9b8Y565cvk5Kp4cu6ixSIyNiUhyJTIeSzGYzFFGurhOlkkpwyeD/PMh6mKjgpKfMp48PFyZ58X4XjgoYMcRQQ8WORyPhmHIcr4flwOEaUSBxoKtCD0eeKlDOvOaBpba1aZsbG5sORZA+E8T13CNdF3WWWWNllmxNnxX/9X8bx2LyhfSDIyIyHI2EzYuzG6ELpKKZrXZzMe0NiyzYciUyUyMzI/nTH0TEyy+ljl42JfTkq07hLFyURlYmbDkSmTy3KP0I+DHPxDLRLKpx38SzUTyWX5mZ8dZ+NxM0h8OW2OMccYuyKNfGrt45RH8xzuHTvzFmDNRjyJxyyFk8cn65CfiWSW3SyNyeD4fOZD4XE/wBsxk/hUSHwyby8fEsWMQuxljZsbGxuORsSkbHxb/v/AI3C6ljKF9ERYmWWblmNmMsixdGMXRnMj6WbcsbHsZHIeQxZCryyiPohPpZZGNk40o+Z2ZPpmXkhOUXHkyHyh8mbHklIw/fFiL8xZsyORjyWN2Pp9ThcWE45ZRwY1LZkSMHEgaHIa9G/MvK5+DSUSLpwyUSy+HmMk7JGUl04+CWaXE4sMSiiKEjUxREUJdW+jGSLGxyNhyNhzFLx8Uf/ADfxq8PFLwmX4ixMsUixMcyDMbFLzFiZfR/Yl4GfF4Xg48J5nh4cIkYQj0ozcbFkXI+GQROLhksyIsXRPw5DZuTn44y/5EyRmQ+liRJJIxP54kR9LL6zZfjY+F+eNzsu+eAiPgwZVOMouJGfjL/1lnIW0G6amLIbmxY2TJmKHqT4uJY4ogQiyPgnTIIQujZZZYxskxsbJMvy2X0ulzJb5/47DIjIUiLLEyyzY284pEJEGRYmJifmf3FjM0VOGGCxxEihY7JQonE53GU1K4SvpZsbEdpC4nIkT4+eA7MPgTJMyMl12G+kXTg7IRGuyyxsbJM4r9H4fGVkWJlkMlEeRa3JZSUjYmcv5c6ZCEpkeMf6WBPitGSE4kmSPh8CDEyMqePKSmnGCIi6ORdj8DmKRsWNjY30bL6WTnUZeZfxyISFITFIs2NhSFL5scyM/GNkWRZZFkWWMbJEemONlUQZJbKaMyPiWC1ZZZxsOTkT4fwjFAx4oY0UZ+LizLk/BqMkZ4ZOZJkirfD+BcrkKH/zOMf/AM1x6z//ADEkcv4Vy+KceXiMvCZLtY2Yl6mbmz04WNkRMTExM3HKyyycvHKuefBxRaoSEj0pEkcniqRkxyhLjKowYmJiZhRFCXSTHsyOJksVE9kNimbDZJ+WyyTLLNjK7JfX+PTojIRZsWWLpCRCZikRkKRsX4TLGxsk/GJiMbH9rZCZlfmZyY2uTH08xwuLLlZeHxocbGuiRRXTl8WHIhzOPPjZWcPiZeZm+GfCcHCXY1Z8T+DY8p82OaZfayTOBHV86e3FxsiyyzY2NjYs2MsyFH+YKzHgkz0dTDqzmcbw/DyY4zWujgxMRi+aeNEere7xwpVSmNeMqceljY2NjkX0scieLTFL6/yECxPsTMZlVEJUYpkJCkRfna5Jlmw5madQwPwpEZG/izYkyRnPikfOLHLLP4fxo8bChCKESQ+nP4seThXGyz5fwzhw4eDtfT4vwFyce1PYssswcTPnIfB5sfwRmThZ8Jle2LB9EyzYUzc3PUPUJZDe3t4Rg8CysxzU0/8AjcnceRW0jJ8ygxSNjgxsgRETMUKEibJiMqsn4exsSkSmORsbjmcDA5Pn/bL6/wAhjJdExdccqe20JfJLFMhMUyL1UGWbFlnJyecT8JikKRsNljZkZz0fBuP5QmIiyz6Fj64sGNchdF2Poz/6bi+jnjnojnRxMGTlPifDsWES6IaOVwceY5PGycXJGQpD62OQ8hPIREyLMeQjOzDkp5Mu0PWMktnN+NizYi7fHjrFEen+YjZJkizJ9OSbGxKRNjZsbHB4fqFUud9svr/IYxjEREenY04mORKpJfK8cyMhS8xkbGxsTyUt98mNiYmbGxY5DkTkcn5nxo6YkJiExSHM2L6WY35XVPu+NYPX4J8M4HrywY444CEIoZnxRyw+IcSXEyKYplllk2SkLy4H0ERYpEZDyjyW9iciQ2bHA+bPj+iI9bGxskNk5HKY2bEpEpFkIym+JwFEQzn/AGy+v8hjJD6ITIM8NSxFtE3ahOiEyEiMhSNhzOTn2eJkGRYmWbDkORKRKQvmywfixCKYkzU1NDQ9MUWmn1sssssszeYw423L40FCMGWWRkWWPpy8Mc+LPF4Mykbm5uTmJObjBY8WPohMjI3JS6OQ2SZN+bPhP342RZH6H+WxsYybJT8cufj1f+ElIs43DlkMGKGJV0Zzvtl938hiJD6IQmbm45X0+pBsjITExzo5HItRdPGyDExM2LGxslInOjj+XhxykR44sSRqvYorpZfSyyxsyy+XAl60H4WQUxTFI2NixsbP/oYVyYRlOXG+E5pmL4Tgif7bxjL8G48jL8KnhJWiP2vwWbCkX0bG+kVb5CrIfDMeTGsbIshI2LJvzY2WZWTmZ5XOeNxeQ+r42NIxkS+jOb9k/u/kMX0kPrZZZZsORYshHMj/AFER8olknM1kOMjBMgyLLEmyOHLIjwcshfDGz/aYk/g8WcfhY8KSS62WWWWLsY+lllljYzkRlLHDgTgPHOI5NPFNsxwkyOMUDU1JRY7OXwf9Xl4/CxYEoJGpqaksdnM4HqqfCzQJ4podroizYsvpD64+DPl5OJ8PwcZc1fJjYmRkKQmS+ljkORlkZpmCU1m5fMnmM093AwmMXZy/syfd/IYvpIY/aoSIY7MPHsx8NM/0EWS+EbmD4M0Y/h/HgRxYoi62SkNlllljZsbikKQpCZZY+jLLL7KKHBMycWEiOKOMXRdWONiiUUUV1ocEyXHgzL8PxzM3wdE/hWZNfCOQz/Zc5/suc/2XkH+0clHE+F5VOGPRNnJdwhLxFiZGQpeE/E3TbGzNM9KWV5dMUJzEY0YTGLs5X2Zfv/kMQxj7KFEUD0z0zQ0IY7OPgMOKjHAjHpfZZZKQ2WWbGxsOY5m4sgshHIKYpmxsWX7bR9BC6SZdiF+JKKZl46ks+GeGUZikKRGZHIjIWZJUL555cr1yO3qKJjRjRAXZyvsy/f8AyGLox9KFEjjI4iOAWBHoI9E/05i45hxURRHo+tl9GyTJSLLHIchyJTHlHmPXI5WzFkZHKKZubGxsbGxsbCkJ9j6SLoUjYnIQmLrZY3+DkxqS5XEcGpUKQpCmje1KVEns55EhycyOM9MUCESCIi7OT9mT7/5DF2URiRgQgQgRiKJqakYkYiQhFlllllljkORJlmw5DkSmTkSkSkJ+YMjMjMWQjlFkNxzHlFkPUPUIzIyFI2NiyyyYpjmbCkKQpGxsbGxsbFlllll+3ONnL4lktsbUzY3J5USkyOJyIYRYxwNCMSKF28r7Mn3fyGPsSIIhEiiIhdKEITLNjY2NjY2NjYlIchscjY2JMkyRIkITFIUhSNz1D1h5x5fMco8x61mHKRmKZsbGxsWTfhz87mxsKZubm56hubm5ubGxsWWX0TEy++Ss5HHU1l48oFyR5ZDC5OPHI4aNDUcRxEhdW+vMnUX9f5CP1X06IgRIiF22KRsbGxsWWbGxsORY2NmxsWNjGPqmJmxuPIPIbsixMbMZF0QyEcgpikI1NCWMy4XbTRsbGxueoeqesPOLOeqeqLIKYpmwmWWWJlllllll9GZMdmTj2R45DEKJRQ0ND7L6yZzsn8kiD8CERZFkWJlliZYiyzY2LNjY2NhyNizYbJMcjY2Gx9H1ss2JTNhCI9ERZsRmQbZigyGMUSujJmUyeDc9Q9Q3NhyGzYWUWQWQjkIzIyFI2NjYUjY2LLLNhMsbH0orsZIfY2IszT8Z3cv5LH0XRMTIsTNjYTEzY2LGzY2LLNjYs2NiUzclIchs2LL6vqxyPqIQiPT6GxsYIOb4+CiMaF2MmjKcjwOZ6gpmxsWNjY2RkKQpGOQpCmbmxsKRsbCZsbFlmxsX0XayQyyxsbLJTMn0yfd/JQ6IsTFIjI3NjcUzcUyzYk7Wxubmw5G5uORsSZsWMvpfc2Sl0QhCQl0fTjwc5cXDqoiELqyZlOTHxmVM2FkFkFM2JS6ITEyMhTIzFI2FI2NjY2NzYsscutiZZZZY2SZKRY5GxsOZ9Xl8Ql9f5KHWyyxSNjY3NzcWTz6njcWQlI3Nzc2HI2NjYsZfR98pjlfYhC6s/wA8DGRExMTEyyxskzIZTkQJIfRMT70xSIyFI2NjY2Nzc3FM3NxO3H69NjY3NjclMnMlI3HI3Nj6kUcl/K/r/JRP8PsvpZdFlil5jLxsKRsNmxsWWWWWX7LkSn3IQiyxkF8/G8RTFIUjY2NhzNxzJyJyMvkyRGihoTE+9MUhSNzcUjY2NjY3HkNyMz1aXrHqnqHqHqHqG45EpkpjmbmwiIjlT/lYMftxkNpo2L6X7NFFdHNG1+0ullmN/Nhn4UhSFI3Nzccx5CWUeUlMbJolEaGho+hGQn2WX0ssTNjY2NjY3NjY3oeWz1BZD1D1DcUrJTHOyUzYssREiyeSlkls/wCUQn7iH59+WRDbfuWWbHlkMMzG3EjkFM3PUPUNxzJ5SeU9Q3L6SQ0NDQ0V0s2L9iyyyyxuy6Pr0RZZYmbDkX2oTHMnO/5dCkJ/juSQ8hbfu2WK28HFcjFx4xNFWeBdCmKRsbm5KZKRIsTExFEkNDQ0V1ropMUvaZfS+l9ll99jkN/zVikKRt2V70pJEsl+8+lkU5Ph8WiMKIxHEzIy+HubmxsWWMkf5REXRjQ0NFFdlFHkU2KZfZZf4Nl/z9ikKRfbZsWjx2WjclkfVe/RwuOQRFCRJeOQZxs3I5DY2LGxsSERF1YxlFFFdKK6UULwKXbRXbfsX/S2KQn7tFFe/wAaG88MaSEWSkcgzDK6RkWX2oTLL7Wvd2NjY2Zb7V22X/UWJl+1RRXusbLODHxBllmxKRlZmH0fSL77LLLL96varssb/rExP8hj6cV+IyFI2NhyJsyDGUNdFIT77/Nb/r0xMv3L9pooowyojMUz1DccyUiTH0vrXRS7b6WL/wAMUjY2Niyyy+2ivaoo9T54yNzc3NukujP891l9bF/4rZZZZZZfsUUZ5awIyaFlN0KQpF9GN9K7qKK6+PZv3rL/APDc/mdFdU2iM77K9yiijybMT7q/8bl91daKKIyE/wAGiiv/ACGa+bpRXWivf8Gxf/kc130KJXRL/wAyaKKKKKK//iwv/8QALxEAAgIBAwMEAQUAAgIDAAAAAAECEQMEEBIgITEFEzBAUBQiMkFRBiNCYRZxkf/aAAgBAwEBPwH50yLF3IraSJbsojEhAUDgSiT2g2Rkcz3D3T3hZTmci9mhnI5nM5EWWcjkcz3BZRZBSLLJTolno989052Wch5aPeIZbE97L3mychv4bL+omQkQe0iRWzIohEjEraZkFEhA4jiSW8SNisSKGiaJ2WyLYmcz3j3TkNjke4LKyOoFqB5yeaxyssUxTFM5DKIITOQ8h7gpnIbMkibL3ss5HIsssssv6SYmQmQmSGit4RMcRLZkySIQIRKJIlEcTiQgRgKJxKGiaJxOAoHAcRxEhWNEkVvZy6bIzFI5CI7MZZyFlPcJSJbNjY2WWWWWWX9ZMhMjPahiMcSK3ZI4kIiWzQ4jiKBGIl0tEoCgKBwHAlAURROBOBKJRQ/gTFITFI5jmOZY2WciyQ2Nlll/dTIzIT2ZExoWzGNCiJFb0cRREupoooooaHE4iW0okoDiOI1stqKKHshbObPcFMsbGxHIlIbLL/AJkZEcg3ZBGMWzHskJb0UUV8FdLRRRRQ4jiSiSiNCQkUUNDRQkRiOJJDRFCQ0UNkpDZf4NMUiMzHMxyQtnshfVoreholElEcShISKHEcSiKIo4kokkRW0pUSmOQ2X+FsUiMzHmox6gUk919toaJRJRKEhIoaJIaEiBRKJOJdEshKY5F/ibFIjkMeoohmUhC+4xocSihCRQ0NCRA5UTyk8pKY5F/jbFIhlow6khkUvusaGihCKGhrZ5FEnnJZRyL/IpkZmLUNGLUpid/cY1shbSkieVInnJZRzORf17+6pEMtGLVUY86l9xoa2eVInqSeobJZRzL+5f2r2sUzHnaMGr/wBIzUvH2WSyJGTVJE9SSzWPIci/uXvZf2r2sjkoxalxMOqUvJd/VlJR8mTVxRk1jJ6hseQ5F/gLL3sv7idGPLRptV/TE7+lLLGPky65LwZNU5DytnL8NZfRf0rL+BGPJRpdR/TF80pqPkyatLwZNYzJqGxyb/F2WX0WX1UV0Nl/ImYslGmzclXy59SoeDLqXIeSxv8AIWWWXtZfUxyG/nTowZeJhyc18epz8VSMuVtnnevyVllll9EpUSnf0oyo0uemRlyV/DmycEZ8vJ9T/KWXvKVDd/UhOjS6quzE78debOsZm1DkN39BPororevwNljf1oTo0mp/pi79OXIoI1Gbk/hravgToXfqorevmv6SRLror4K+DHOmaTNyVdE5KKs1OfkxuxFdFdLKKK6ouhdyiiivoWWWX8Fl9dFHhD66K3rqrrRpcvFkXavaWRRNTm5eCZQkUUUUPooo4nEaH0oxMor5rLL3ssv47F1MfQtl8NFFDL2ZqNbDD5F6nKT/AGox+o/1NUYMql3RpclxM+orsieVsxYpZn2I6GCX7h6fB4MmjrvEcKKKGh9VFdiSGiumDF8Vll9Nl/QXVIe9brZ70UUUUUZsscMeUjU+stusYtXqZvyLX58P8+5l9WUoft8ifuS/cYoKJmScT03VOE+DNPl7E+52vuaPgoftZrskoeDI3P8AcjRSco1I1WFL9w5wX9lp+CQ+pHHsNDXUiD7dF/Ror6UhrpRHZ7ISH+0eQ9xkZpnGlZ6tq3lnwXgxtcu5PNGMexOc8iMWOeSXGKsw+gaiXeTSH6PqYL9skzUw1GB1kVGKTUrMWthhwrJNmu/5BmyusXZHPPk7ykzHqNXo6nCR6T6/j10faz+SGlhHwa/X4PTsfKR6j/yLVat1F8UYY58z/kfqdTo5eT0/1WOpXGXke6i32Rj0E5d2P0//ANk9LPH3MbvsTjRIaK6EQ8fUoSFH6TGh7J7UREiWyF2RN2MvZZf+po1MbmyUS2aXDk1E1jgaH07HpYdl3JviPI0rR+3LGpK0eq+lrBH3sHj+0Z8s5RUWV37mGeFriieaEYuEjHkcJconpPrayaNzyeYnqeuya7K5yMcVzXI9lQXLGa1xyYb/ALMOWWOXJGD1lS7TIZVNWiH7nSNLpI442/JknxJaq+8THJTXKJqNNxfOBk8Ehl9CIfURFCX0mMfRZEa7dhotIWbH/o5JrsMa2Q4txpGfRZE7olgJYD/j2k4QeR+WOPYyY+RDE15MePiPGpKmepab28riiUDi14Gm/IoGm5RhKKJYyWMjnywXFMfJ+SOMcaPTdS/4s9Nd5e4vBkxW7RDR1PkLEo+DhaoyquxM42OFD3RDz89FdCEL6TGho4lCRW1mr1S08OUjUa/Nnl5FCb/si9XplyTNH6xHL+3L2ZqvVXdYzFLPqp8UzDiWBcU7ZZzZLDDL58mTBjxvjPsz0yMfbSRKA4nE4EMZ6jhefUS9tWf/AB/V5O/GjL6Bq8avjf8A9D0ri6aFgMGD9pPESxDwiwEMBqccrqKNNBwkemTqdkMqo5nLaU6RPLzlIf8ArHP/AAb3QiPk4lFfRQhfSSs4DiUUUcTiUavSR1WPgyWOWmy8ZrujFqoZlWQWohThIn/LsI9MSWHkkLdHquD38XuL+SPQNZLHl4S8CqasljOJHELHRDDDAuONUTy0YtVylxZqtBj1Ue/kz6d458JEeyHjTHjgSwL+hYSGBf2RiojUX5Qv2PsYtUzHqRahH6lGq1dKkQl3JSsb2orahCj2HEof0V9ODLGUUUSkz3GjkpFHquh/UY+cf5IpopkcY8HY0kOOJIarodODizSy4TPTvUouPDI+52khQRPPDF5EZk34Jxkmfp23aMcOx6zp+yyozf8ARjeSfgzeoTyuo9kRg5dyPKP8TS67vxy//oi9mKXEjmMvqEMHebJeu4v6sxepYs8uKfc/9DZe1HE4nE4kP4IYx/NX1o9FEvBQ1tyEav05+/WNeTH6BN/zdEfQsa/8jL6RLj/19zSQXscWu5khTEhYxwSM8uMWyMaZglaMOqzYl+1n6zUzXeRjnJ5ouX+idrZwTOKR/RrnUD1vVPNk9teELszFFJco+CdcHRZ6bqfdhxflCZY2M1mq9iPbySySySuRix/6en6KOL/tfkZ5OIkJFCiUMgqihjH8a+yhPdEihoor+hIxeCbolJ/0Ysg4e7DkvJKmQjbpHs1/JjxwNRpHJfsZPA4ypmJUY12G2VJOzT5vcxpoiy9pOjW5Li2ZlbslAx5p4/A9Qzuel2shHudioslHiax85tjVHpalqJ8X4GeTtEjTOJQlvFd9mMfxreh/WuhSTLExvbicTiKJix/sbMkCMKI4+9mn7M1cHjzuCXkjjWJUiQ5EXZmwRzLv5IYe/fezRav2nxl4IZIyXYslkjFXJmXW432TMijkxNR/wz4+5wseI9kWBmk03Huy/wDC9pfuVM1OLi6JQPStP7OC35ZIulY3bEY5WUVvGX7q2Yx/GhC2aHu/qJlnki624nEjA9vjjolAeMUDHjM+P93MkicbPbIwooyruNbo9/JidxZj1mbjcic5T7yGQm490avS8v3o9gWmvyfpSGBIjHt06vHyVmPT+5NRGq7IkxkYiRiVMrayUv8ADF/LZjGP4kIWzQ0P6r2TLLITF3KFqIxmooTtEonAjjFHiZ2ku5PPAedf0PKz3Ge8yU+Q0UUKJDGpeRx5HAljOFCiZNPU6iQ0U357EtG67SNVizYmuS7E8PGI0Ud9skeSNFj/AO5EokoCXcoSEqE9pPbH/LZjGP40Ldoa+q972TaI5ZH75+ThEwayONVNkvU8f/iiXqb/AKiP1HM/B+szvzInklN3JlFHEa2QjiUeCOXiY9Uv/JE81/xHJsshkryPN3tHutnuM97txkrRzjXEliT8MeKR7bPbZLDyasxKpDiTgNUJCiNrwdl2Wz2h52Yx/IhC2oaGvqPdIopCSRLIN70JFFHEjjPaJYaHjOBxHE4j3ixoURj2XS902jDnU+0hwJ4yK/of+FUJDHtHzsxj+VC3o4/VoXVRRRQkJHESExzPJwPas9keE9kyY6HA4HEhG0cBwHjPbOBxOJxKH0LsYdTXaRafgkOSHMsb3j52ezH1rauhC2oof1V00UUUUULexikLIe6e4cz3CuRKKRKa/o9xkMjRB8jge2e2jgj20PGSgNHEcSiitlNoeRvdbsxLuMezH1oXShC3f02LZdC67LL3chMRZY8nFE5OQ9oswSolJI9xHuDyEZlkkOJRxOJx2ratqEiiijFs9n8CFtRRWyEIsf02t09rL3sssssvdyHK9kLefccRxOAoEESdokzlsiy96KKOI0cWcTgcenGu3Q/gQhb1uiy/q0UV8jkjk91smchM42cD2z2xQKRIY0eDkWWcjkWWWWcjkWWNl7IUb+VCF1WWXs/q0UUV1uf+Ft710WRjXksiy95SIyHtQ0UVtyL6L6L3SsWP/RKup9aELpfQx/Woa3s5HI5MdsrrZBf2M7mPwTFkOY3ZFfDRZe1lnLdKyOL/AESS+B/Chbtje9DH9ihoooravgbIrsUcSPYmxoUtrLL+eGOxRS+mtrLG90itmP7PE4nE4ldHFs9mQ8bQ4nBkJLeyQho8Flll/HRRjx/78z+Cyy90hIrZj+9xRwQooQikz24mraxYuwuxzZHIch9yuu+tY2xad/2LAj2UcEvnfwWXshIS6GP8ChC29QX7VvR4+KiGGUhaZf2fp4Hsw/w4RX9fVfVeyEhISK6Hs/uLoQhbZILJHiyWNwdMooWCb/ohpG/5EdLBD02Nn6OP+i0kB6OP+n6Nf6fov/YtH/rI6eMfssfXQkJCXWx/eQhCFvPHGfk/SR/0hhjD8Ix9VCQoiXWx/fQhCF+Ke1b0KIoiXwv7y2QhC6b3v8E0UUUUJCRXU3uxj+8hCF+MoooSK676WP7yEIQvnf3KKKKK+Rj+8hCF+LRRRXyLZjH95CF+KQhddFFFFFDFsxj+8hC+i/sLZddFFFFbMYtmMf3kIX4ldd/Axi3Y/vIQvx1lllllllljGxkRbMf3UIQvyNllllll7MiLZj+6hCF+KQt6K3sssvoYiOzH8T+mhCF+KQhfLI//xAAwEQACAgEDAgUEAgICAwEAAAAAAQIRAwQQEiAhEzAxQFAFIkFRFDIVYCNSQmGRoP/aAAgBAgEBPwH2K8uiuqyyyyyy966ltZZZZyFMWQ8QcyUhyL6eRyFMjkPEPEPEOZyGyTH5VfAJFDH5lFDQ+qy+qzkX0VtXVyOZyFIUjkPqoooooor3yQlsx7pFD6VEUDicRol7Wup9N9VFFfBxWzG90t30JEYnEookPaiiit6K9y/iER2bHukVvRRRFEUVsxjRRRRxGhooWzXt7+JQhsb3SEuiihISFux7UVu0NbIoaGivnUIQx7IXkIWzGPrZQt2hoa+dTLHuheQhewoaGvn73XlLZ+Yt2ND8pbv5Re1Y9luxjH5V/LJiftXshbMYx9C+eUhC9k9kLZjGMfRZfzqZGQn7F7IWzGMY/wDRFKhTv2D2QtmMchy/0ayM/PYxCOVEso5X/pUJecxlnMcv9MRCV+bKVDl88hL2MXRF35c5UN/PKNiVezhLypOiUr8+vf17BRsXtYT8hyolK/YtfAV5qV+4hPqbolKxv2TQ/gKKK8le4TMcr6G6JTvZ+zaH22v4CiiivfQlRe088IerJauD9BST2bLLLF12X5E18PRQvOsvrSsxaVyP4sV6ktKn6E8TgyEuxrvqHD7Yk9RPIzGsjdIxcoruXM8Q5CkWJ+R+fIfxK8yxyOYnu2KH7OCOH6NHjUn3JKl2JMhdmfFyjZqJeGmZ5OcrMELZCKj2Rp4qXqRXHsZ4pPsXRZFi62X5Ml3+HYut9DJ5KMmqSP5UvwLVzRi1cZ9mX2sx/sW8cvhuxayLj6Hiwb7mOMJeg4Kj6hit0jD9PxLvLuRxQj6InghP8EscsLslmky5TdGPTRX9u5wivwPFFji4MSK2slmSPGFkTJKhMXUyXw78hjYtpmsy8URdu2YcfMWONUS+1mDVXDizC+xFnInkUTDiv7pbWRl+UfznFVI1ObxJdiD77ypqmcePYxriiDveXcx6LnjUoksbj2ZJUZcjbFGyOGvUkq7MjO1TI+vkS9jXvmhPuJjJmvb5UKRhytMUcs+6iZsWResTSfTdVmlcYOiGgz4190Ti0ehH78qTEeuyMiuNbJiyDnY5HrtGVHijyDmfTZ3iNVi5R5GpX/G2MhKuzJZrjRzssiIsvpl5lFFFe8vpoboSKMmDHlVSRl+kfd/xvsaL6LhwK33Y4wxrsjFo4y+/KiU4w7I/kpSqRqdHDMr/ACS02SLqiGJqbkyzkWciUuxSqxyX4OQijT6ZSxuTHA4lFM8M+nYeOLuSX2mqXZxHA4lFCiKNLbj1Pqooooor3rZyLLL2svZoi92zSz8TEmY4XPvtqFJTsjB5Y0zFahTJKu5rMXLHaJZXF0eOeOjxieaxdxRJYuw+3oYYcu4k1GkTicZMiv2QxuTpGm0EMauXdkpKPYjkjJ0azSKucScBwPDPDIYxoS62UVtRRXwUl3KEWWWKNnApx2fbuczmOZ9M/oYp/kjOycIz9RQUfTacjIriarC7tErKZjxzn6bY2kJoc6JSs0b78WYpQm+EX3I6eEO9DlQ+L/sYMMIStH4MykmJP1F90TVYEmUYtNPL/VH+Ol+WieinjV9NllnIsXw8umHrte1DK70R082fw/8A2aWXg9mOXGZHKLMS1SRk1zqkYM8p9mWamFSsjhxT/uSwYYvshUoNIfYsUi721kpRx3E+h6L+PgU5/wBpEkTbumR/t32i+xKNixpCNcaTS+M+UvQa4qkSkarO5fYuljY3uvh2r6YFll7NmnqyxsUrMj49xZDJn4q2+xm+tRTrGrP8zk9eKNH9awydZFxIZFKNozuzNqIYe8nR/ksF/n/4YtbgydlIzxcXQt0jMueTHi/bI9ltPEpCxCgS7Iin+Rnqa3HL1/BhhwgojRrKxR5b92StHIsfxjVlb0WWWWNmmfd9E/QjLtZ9Q1stRLiv6mOPPsQ069GZ8Tx+h9L+pz0r4y/ofUfqccMUod2xyeWVyI4zJp6Vsxalw+yfoPGUKNkcbOLWeM5fshK0WXvEm6RPJI5OMuSF9yPTb6hl55eP6Eeu+RUcuiK/PxL2aKE6HtZyHI0rEyzkSka3I4QaX5JIxz8Nj1UaszajmhCl37mKSXqOcHGyWbtRJ2fTMizYeMvWJKMbpEVtKKl6ml1FfaxTs5HMyaj8IxzH3JQIYBKibMmbhByG7dsREvbJ6b0Rj+/in00ND2WLtbMb4iyHMeQnkNZFyUaI6DLMj9K/7Mh9NwxP4eH/AKj0OF/+Jm+kxfeBkwzwupCyHiEpn0ibXM8TuQnYmWWYtTXqLOyWSX4Jzly7mLLZGZyORzRqM9GpzXiYmJ7WNknZW0V8W+itmkxwiKl6Fscf0JMoo4reyxb5sMcqpmoxPDPiYtNly+iMf0i/7swaSGGPGJPTfox4uIkUMTo5yPEkh5XJUzHqZQ7ENcvyLVw/Z/Mh+yWrj+yep7NIk+xYpCZY2V+d18W+i92KPVZZY5DmRmxTORY8MJvk0KkLoQ3Xmzg13RyIzHIRfy9lllje1l7UM5HNnMUzmQmci9rolIUjkcjmciy+ueL8rZCTOJXQvk72vyOJwOJRx2TYkUOJLscjmWzuKTFMUiyyyyy9nFMUEt30L4p+zrp42JC2ZkiKJwOIojRW1llllll9FjLL2j8VL2NFV1ITLLLJbIryrEzkjkci+lfFPz0iuuizkcx5Dm2WxdFFdFFFFFFFFFdCV/GUcSvK4+RW1E49CQ15FFeXQo/IcRx6KKKEX5K2mIcShD8qt6KK3oUflKGvNRZZyJC2r2aj8w4lFFdVb2PsWXsuiiivOS+eopFdFFD7nBDgV5NddHE4nEr/AEZlllj8tRs4HBHFFf6W1ZZZZTFB/k4I4I8NHho8M8M8M8M4pf6i0meGKKX/AOJz/8QAOBAAAQMBBQYFAQcDBQAAAAAAAQACESEDECAwMRIiQEFRYDJQYXBxIxMzUoCBkaEEYsAUQoKQoP/aAAgBAQAGPwL/ADMqT7dyfbv0Q9uoQ9u59vB7eD361u19qqLW+uVAVe/R57AwVukeVT2gO7D2gPOaLXBLVW6l9VTyco9njy7eVGrQLoqVzZGTTMpdqtVXhCj2ePLYGKqpUYq3RgnHB4CbpaoPcIQ8sjDCm+Rpgm6qooyK31VMyqlq2Hrab3GPLJwRiIRnKPCVUhVUhQTws9nDgd7gquCo5eP+FQgquFoyz68MPIT2cOBhwwUw1VL6XaqXOUNN2l1QuoUjS8Zg4YYRn7q3sxyPZoQ4P0v0w11wV1RE0wby2m0N3qtzReFCRmSt1pW86FqVqQvpulQ4R5CLpdpnFO7OHBy3S6qhSFBVMO0cG0bpWyU6Lg5SAtMySNorTDDqr0zqqnBbTuAd2cOE9LtVBVMQbywi6WmFJ1vNmeaK2TwEi6CvS6inBoeI23+HkOBf3FBUHJOCV6X1va66QvXInHW8i6qooYP1U2m8VRgWi3mArdGyV+JuOc3bf4B/PBHtqmuTtDUZJzBdRQ7FAzDHNUbCAtCoaMMlQVt2f7ZNMEAKXUVbt1BoNEGtEAcEPjuQ9Dg0K8JvcqZFVKAw0KqFpdUoZgeRVTHwiTrfXFtt0N9DkQFpXiB8dybY1atwL6hkqjRdot+yaVNg6PQreEHLnplDMCgaNwQ683uCjJAVMFVA4Q9wAYC06FQ0QMgtdri3QT8Kli/9lWxf+yrrmDLB9JU4a64nXboVX/svE5UKqL9riSj3btDUYNmybKBtvqO/hQ1oHxfvsBU/07v+JWzaAg4KLafFk3+7Vb9u8/AX3tqvo28+jgptLKW/ibXLa1ED4zIapeoAvooeFI1UOCGVAWqoTK3lOWR3cURyu2W6cytmzGOHj9Vsv05G77OxHyeimNu1/EcRtf6YBlp05FbFoIcOWTtnVHMJv0VQtEXAKFDlGADDAw7umXLvEe2t0HZyzlAoNbqUGjXmcksOvIr/AE4H1JhBjNeZ65G0ylqNEQ6hGHcZTqVv2oHwFItp+QqtkdQnDgKqmmCeYwbWCmRGR9q/Tl23s8lByg3LNqf0yzbBv1CInKFuzR+qrd9MbvVSRtu6nD+F3VQ8U5Hh4Q4PbtfD0UDtmirdVRkzlBNbwto3nEi4OtPAgGiMZa8SF1szoeGHpwUMElB1rU9O3KrcKrk7LdPISnjkHIAZLmO0KdZu5YqJ3XOcc37OB84JfRqhgjt+uRDTm6KvCFOPU5bXdQoYCSptTsD+VvAu+SvugqS34KmzO0EWuEFDNJe0tB0nMaBWSqoet088Z7g3Qqm+DgoCqMKrAVXr7wr7wrrwxDb6qmQ3a8IUMbGL1Wiq3Knws6rdbLvxFT0zPtImOqgw0dAhSIEZJ7j0VKL6lt+wVQXfJW7ZtH6eQVC3RwGi0Wi3Vu1XJeILxBahaBTbCigC45f9qgar1yj7TT/tya6LYZp6Lrln2n2mKt/rggKOWYfaiW6qHYNVTOPtToqLRaflQp/0JT+Xb17Hpk078pwFLq+WV78pwFFvLT2nqqcDAUn2opwcn/wzfP5eDjr/AInt/8QAKxABAQEAAgICAgICAgIDAQEAAQARECEgMUFhMFFAUGBxgZGhscHR8PFw/9oACAEBAAE/ISI/CfwMk8hv+mzYI8h8nkgjgHgDBwfIATbfEjxZtttts8pw8bbbbbbDEc7bbbb4gQpSnPa8geJ4HlbyPih4xUufweNtlOfnhEcH4iCCCCCyyzkRH8pPMb7Gzl5H8BBDkDkJJHxAgiLfwHCHFtttvOWSSTNvimwww222222+QSlOCeBvhEfEg22+Cy8DxOJ58SDw2U5Wx4wRHgWWeIEKeMDwAjwP5Kec0uNn5AiEOYJnAeDeAhwBZZMzzvAyhhh5OMsm9OCl5CDDDDEPANtttlnwY8iN8Lq222ww22w22zM8lKPN+Qhz3hLb5OIiCIUpSn8KfQHJyfxh5zC5sk8GfMhCMIWfgtkIcAWSSQks8AggiECCCDgxJIwnkiON8QKTZmWWW222IQ5DGvk22GGG23wyEEHKy+AIQhwLLwfIwjkpxSlKfl/4ZZHJHBHJ/GHnMZnCZnzEIxhH4KYIcAWWSQhJJZZBDgIQhxEzhnAYxkssggssmSeSG3h4PnvJv4hhhhtt8R4MzxtvApSMZvAjHzPAIQpT8fgMssss8CI8CI/jJ+Cz0OTPkQhGMeD5QOAILOGYSWSWQcQ4CHiLJJ5hJwIEchiSSWQgsskkhZ/FGGG3kiPBmeW3gQrNh4H8MFClKU8gMsssss4z8BHgcEfxk8jP+rhc4zxIwhCOWfAJBCEEFkkyTJJJZwCHIEyyyzyITwEJllk8BJmQQeAYIfxhtth4Ihtttlll5Z42G3kd/DaSpSHIyyyz8xHmfyk/AZcIPL4DGMRwzKeDZBCCCDhmZLJLOAQhCEWWWWcPIJLOGWQWcEk4E4CCyyySHAlln8QbYiIYY4GMZtvLyNsWv4aP1IQmWfwtiIYiI4I/lJ5mcfVNGZ5HgYjhlmZ4yCCEcZwnGWWWWQQghBBxlnDPFhJZZZEJlkxJJOAQQWWSQhJZZZ/EIiPwKDbxs87HdrfR+DM0IFn8UiOCIiP5w8M9uL67VM+VnDMpnkIIIIPHLLLLLIgQggjxZ4M2cMss4zjOBJLLIIWScCQmMSSSZ/hERwzPG2ww8vLttfTfV5aaQLP45DbwRERztv8AKyTyrD6pCQjwvpyzLPgEER+DLLIiEIR5ngnOcZZBZZJMkllkEcZPAkkkxJJJJ88sssk4eTgLLJJJ5Ig5S0299F9F9XlshM/kjDbDDEW8bDyfh238+WSeRpfVfXIvUL14Hgsz4ERxnD5ZwQcCPJmZkksssgss4ySSZJLIjwSYkkkkkkk+B5ZJZPJEEFkkkk8ERxmyPB9XH9HjMkyyz+SMNsMMNsPGw2x57/FyTxNvovovqsPi2cDlmfAiIjl8sggiIjzZnjLLPNkknkiLLJJJJJJIQkk8COMssskkk5IcAskkhJZEEEjxfRfRfT5bIFln8sYYYYYYYYbeBht423jbbbbfA/gJPkY/6r6rOzOWfAiIiOHxznIiIjzeH8jJPgRxkkkkkkkkJJJLOTwyySSSTgjwM4BDgtrfh+nz29Jn84YYYYYYYbbbbYi2223jbf4+WT5Tm+i+iQuk+JERH4c8CIjzfzszyRHGSSSTJJJCSzwI4CySSSSbIjgeBhaZ2+m+vzMxIH9AMoZQ2www2wwxbbb47yeB/ByyfMmL9VlP7TyRER+cjzZ/Oz4EeCSSSSSSSSSWeBHgkkklnByHDJsJtPi+u+rzhkCz+hGUMMNsMMNsMMNtttvG87wW2222/wALLJ8id7fF9M3pJnBERH8A82fzszyRHgySSQkkkkss5I8Ukks4OQslb6b6L6vLTSkyyz+hGGGGGGG2GGGGG22222223jbbYbYiOTxPx5JPiTNfi+u+udRERH8Ajyf4LPJEeLMzCSSSzwI8WSSeTg7yX1+YmJAsss/ohhlDDDbDDDDDDbDbbbbbbbxtttsQxEfw8snxJ23xfVJ8JREfwSPJ/gs+BEeDMzMzPGWcER4JwknO1px/R5xYkyyyz+kGGGGIMMMNsMMMNtsNtttvG28bFsQxHkR+fJ8TB9d9M0z+CR4v8B4Z5IiOWZmZmZnxIjlnhITK8X1eb2JMs/qBhiEGGGGGGGGGGG2G2G2GLbbYYbYYY8diIj8mWcp4r+vxfXKSnmfhI8XxPzPgRHgzMzMz5ER4ZaZm+q+q+m+vxcSZZZ/UkGIQhBhh4DEIMTYYYYYbbbbYYYYYi222OCI/Png+JH+q+meJnifhI8Hh/gPD4ERHLMzJMzM+BERGpG3+L6r67676fAkpMss/qyEIcAgwwxNhhhjgGGGGG2222GGGGGGGGGOCPwH4cs8HxMGnxYfE/wCYeD4kfjZ4fAiI5ZmZmZmZ5ImeBn44vqvovp8OSkyyz+pfAhDgDEIQYYYYbYbYYYYhNttthhhhhhhhhtthiHgiPzZZzk+BrX4vpnJT3H4zlnxPwnLPDPJER4mZmZmZ4E+uAT9X0303130+MIXLP6/bYhCEIQhBhhthh4DDEIQm22wwwwwwwww22ww8DDERyR+PLLOUnkX1X131yKz8JH4D8zwzyREeDMzM8JaeEd+L6b6b676PDQpSZZ/YPJBiEIQhCHAQm2xBiEIcG8BiDDDDDDDbbDDDbEREcEfkyySyyzg861+L6ZyX8h8T8zy8kRHgzM8ZDZn4vqvovqsPi+q+rgKcWWf1j5vGwxCDEIQhDgIQhCEHgQhwDDDDDDDDDbbDDDDDEREcn5sssss4fA/9F9EsCfifE/M8M8kR4mZtM7M/F9N9V9V9HMFLlln9u8DDDDDEIcAhCDDwGIQYhCbDEGIQgyiDDDDDDwGGGGIiI/Pllng+CL6L6Zn5HmR+Znh8DzBt8JfTfTfXfRzBCZZxln9VvG+e8bwy8DDDDDDEIQhCEIPAgwxDgJsQhCHAGGGGGG2UMMMMQxEfwss8MnwUfXM/5bPD4HIcJE9r6b6b6L6uAhM/r989tt423jZbfAYYYYYYhCEIQgxCEOAhwHAQgyiDDDDDDDDDDDDbDDDDEfwU8U8Ndd6kf4z+A8PgcHeMd+L6YD4hPjiBEz+i3x38u222y222y222222+O2wwwxCDEGIQhCEOAhDkEOAMQhCDDDDDDDDDDDDDERbb45ZZZ+DOThLblt9mf4j+A8PI2efTfTH+oD4hLCD+jfLeN43x3w2222222222W2223jbfHbbbYYhCDwOAh4AcghCHAIQhCEIQ4BCKGGGGGGG2Iggsssss/Ek+CeEXu/Ch/BZmRST64D4vqsOESP6LfDbeNt/BtttttttttttttststtttstttnntsMQhwHAQhDgIQhCHICnIDgEIQh4ABhhhhiCIQLLLLLPyM+CWnH7b3SY/yGzWd31QnxfVzBDkI8css/K87ztv4Nt422223nbeNttttttttlttttttlttttttt4E/AWw2w222xwHgBCEOAQ8oAEIQ8wACu/h4Fln8JnwTh1vf1bvzPieJq0erH4seM57HBFtsfw3jeV5223jbbbbfDbbbbbbbbbbZbbbbbbbbbbbZZttlttt5xPxbbDbbDbyHAQhCEKeAAhCEIQhDkGmblQj+WOX138rPmchts3qseD1Lb4bb4Fv4Mn8L57bbbbbLbbbbbbbbbbbbbbbbbbbbbbbbbbbbbLLbbwWfAIfk22223hsPA5BCHkBAhDgIQ4Dl4GMTP5w5b3eKH5yLRs8soZbbbwW22w2222/iySedtt5fPbbbbbZbbbbbbbbbbbbbbbbbbbbbbbbbbbbZZizF4PAYRn8+22www2xCEIeRVCEIQhEfV+wslnB/QPMbDZsMeT8D5lovVZRy223nZYbYbY4PxskknG222228s2222222y22222222222222228Nttttttt5GMXgxjHgMf4lttsMNtsQh4lE4pDiOn6sA6ghA/oktOHfbZyfn3XpsiHnvOxEW2x5EeGWScjbbbbbbZlttttttttttttttttltttt4bM23hvDfMBjGMYx8RPnbf4O22222xDwCnFLpOikZOoBH9KnDva71J/AFdh8WdjHk28bbwLeC2I8DjfFk4jltttttsstttssvDeG2222228m2228i2+AfMAxjwMYx4FOUuN43+LttsMcA5qtcI0EAdWUf06Wlr8Wm9SfnK+iwsLM52222Y8FDHGxEeO+O+GtnbbbbwW22WWXk3wD4g3wD+AAfEDwMY8hjGPA5ynw223+MMMMQhFMuoD1CPxHi8P438ra2trvUngP4U9fV1WJPK2y287bwRwMMRFsPBLnbfPexly23gzbZZizHzAb4g/nAADGMeQ8DXwic/Dedttth43yz8ewwwwmdYRgiPwnittvhvhttvkNvJHg2ttab1y2/g2ZevqyzqwJlbbLbLwPkW2wwwy8BiW2PA5zjONr9F09zGM3keBj+UAA/hADwPgzGMeFrWseBS82+G22228b+DLPMkAfMCEsCIiI8mYeG22y8bytttvhtscPA+BHi29sN7ro5+Aa5a5tnlicKVttstvOw22+RbwIQeQNtvB5toWXqWTHkMYxjH8gAz+EAPA+Ata8DyGMeBzn8G228bbbbbbbb+bBZAZxIiI8tm223jbbbeFnw22ZbYbbedt4PJ4b2o/g47bZNsQs4nk222XjbbbYeRtht42IiJQww2wxweLNkvcPAGta1r/ABIP8p8QvAx5DGMYxjNnL8m22222222228b+HPL1yHXgDzZl4Sjbbbxttvi2yzwNtvO2xHkzHS0L2xzHlq92OWfAnxtlt5B4KONththtt5B0mjDDbEcHizw3Y7Txta1jH+YV3P8Ag8DGMZssstsp/NttttttttsNttvnkvEPTmI4OW2eT3lEJttttseDL4NttvgcDyWWbqtB8IDfXFtvfExsIbExytlttlttibKG22LeNttjl+3CoY4HBHgzCFlrPG1rWvhL+L/X8OAfAGPA8Gyy2287L+FttttttttttvG228ehvh4YiOGZ5ebYjwPJnjbZm22Hk4HLwA/cn92ePcutvbdGRYXr0iPiP9WEg3sG1w/fxwvlYeC22yy2w8CLbYbfLbbrzz4KPwPJuz0JrWteN/lfwAADNttttttt8Nn+Pvjttttt3SzMY8xEcszNt0T3hhh8DyWW2223nYY4IYtsYz74Rs7Uj5b4TKs4DsXQyOCzDqAiEQmNva3blpN8bcBZhtPdtLLwYtvAiHk4OVtnkO6coZRBhh8WeGzaPFrWvE/gAN8gbw23wG222222228b+B/jnhtttvPYrAR64mI4OWZ4rw6MVRHOw222yyy22228Nt0kk/qSfq/aQvzw5ZH223GcnOBMvjgbDexEHA4zWTuVFbLLosBkLy0FpXxtqS8m8K2GG3kRykkOU+59cwciPFniOrCNa8T5Abbbbw22222222222222223w3+rOMMj4cxHO28MyXWfAe5y4DhiW3gxjwbbbbMOJO07d0E2dQSY7l3FZh4Fk50Zd72nhKGfeT9zb2BYSwXIfZF0Wc73cIglWuLv5tlDbEIRww228M8J+GpyjgebwPCliJjwbbbbbbbbbbbbbbbbbxttvjv8AY+iMDoukogs8hyV2eYRwzyM7RQS1G9T7hbyZlunDWKHBzlHa6NlZSP3YW/zaNkRubA7tvpDxT72F9l8XxJm57JYdkTmw6nd81z9I1lv9wPEIcBwHCGHhmP3Q3zwOrOHOE9ZdcdlDHk+BjL/dttttttttttttttttttv936o11J8Rhtttth4ePrdWZdyhjh5HNt8ZliySwth6krG6fBTBinWU6pcZzAvtm9AWaA9P+kHt4mjj1NbgIL2u7s8Pr2KdX1J0N/s5Zjf7T4kW67t2HfCjtB2EisjpYeo4ylObCe2E6j0TbPtNdK/Z7qjBBnOWsp9RBlEPF5RvBTed43jbf8F9fAUoepRyk6cBFnl3q6No+F5G9XGc4CCY2K+awGWLHhRZohn/AEthkbB44G5D8xHTbsOJNjhBtpyzBgPSx7TE3Weq3XpqyPZ9y1hl6OE9Iup0UiDqberH3wEOMNO++oGmPUodXWHUa9ydqwfLDe4xLqfAbDrgI8XgIdN3H9Wf0qz4nvEjlk4d23pxAvReEZZcGjHCOBwvBhpZDdseNzlZC9J7vve8g6JXZtXrCWCaPuRLCfDEmuIftFLatXeAaQ73UORO3XrDuAMUL4OqCZSVv88HUk4hQloTp+yL4De4dTvNrse4Hb7vafRdE9vWEHmeU6Wa/wBFsvmR/ST0cly4Hkll62FuhIfLZRSbLO2owlDHCW2ZZ9WZtPJgi8Pv4le8ih9CGlt404fsPEOyTgVdMnyt704VghnDObe77IOy7+mXxFDjqQq04bphsP4WmLdMtvhy7cCbpG1uJdHAeBwHYt8GXJsY/wAbbbbbbedtt/ARH9H1jqQj+7N14Db3yxdTkyI3GzJ6+GyFtNyLDrirOAQhx5/d/vMGcFsH/SbFdOf+EmW4Eb7ODH5sgv8ARl2cjqk62rgeVf1u3LHIka8bvXY8Ro5z4WDsIk4/plmSGV1ZzqU6euCKeTde6iG9yyMWP3Gk04s5ZeX76T/B2222222222238hwf0ay+wXxvT7usMobYYm9W98F4buYsx8Rlk68Bfrgl9oEp6XtUVPs37BeuclvlZusfq07ifU12b/u9FqCfS/8AFjvsPqEJh+p9knyf/WPtKfN3X924+p281dRwb14C/wCg4ey6uJD7+BO9Mabo8TI8lLXSLouhsS6xyB24C2WMTV2yLBsiRJiTwbN8tgeiIEcpLPLhPqGL789ttttttttttttttttttttt/Mf0bz/ZPW4tXydy9mK8G/fLwMuvqdu4OrSUgEFqbA78SLrpgw6TvDLtpbbD+kFPsf3G2EP4/wDi6gC/tkf/ABkmsB9Z8vuB0arNN5Tu9N380hCNeJ0yn4er4Ufu90/9IvyzDOND6+rQhWnL9VZ7s/GQIzo4tb3WOD2GeTZ505gvfl6bDVtJyZfGn6QnAzgI8NlmYcBsYX78dtttttttttttttttttt/tupspOK6uRO0Q+178O3BQ22zAmM6/wD5ZwFG3QAOEd4xJMngpy58M6e/c+5/9wz7H6sxhn+rO49SrP8A5h6jL5FoqDgdvYwXyeGBO8xxyO3RYH+0+owHw+p09Ez0SHYclrqJ6R9yvTugHGHvbYu+0eLKW5jRnVtwYejK/V360KW8E5AdfAs+KT3fMm6HXwXVwkyPB9S/E3T1LvA9r/y+Nttltttttttttttttt523+2LOTo8VP7Y6eE+kwB82nzE1OEhCPpl+76mJPk2YGLdhDGNtluiIsbdv093ez+FnuwA+r0Lr6twGTsAulg/NhPVgka50NLuxdj/AIbs53WNnHhcPX3GOk1vh92XvuAJt8B1bPjbsDJtf3P6trJTVocbtlfViP8A4rZ7EsWYWCmM6uu37CL1Rr1bjYrHJTiaWJmHAhnKPP8AsWIAiEE8Hvrge7epeBm4y3o2X++G3hbbbbbbbbf8B6Rbxx9fgv1Ihwul8JADoP8A3GvmAdE0x4dklR9M6fHCcHvaTxWg3/KLubdPbfquqMbs79rV7Z2qt6fOe9W6VCvY3s+5v1kGD6WXNHNspa1w7vcOgO2cY9N8ngEx7ZPbjL7X7q9locfcZZ1s9EfyvRDNf/HZuX/iw+n/AFGf+Ch3/g7eZ9hf7q6XdLAnruTfRfuyyRe5joHubB4TrwOVdXtLid/r9oCB8R3faIT93rjb0vbi8V52hHE/ZMz/AIW51KAmkwC6OLSOCQSwsIR9pxwinD1w3TFe3K8HK77cv+04D3vxL370lzN6bLqevvu3P1Ob4Eev72e/6rUlp6Mz4WEdO32Wv3wme2Avnbrc7y+ex9svcPcQTrCc+0Q7bZdouvdkDvsWesP2wNr+wj+Cwd27L9JUGRh6WBoRhYf9wXtemZnfV7f3Aepel7GGndrb4WT13bEO5LDC4vm1uv1fNJd2i9v6LCcMII9Q4cJlyWMYwePTs6L2OT/Uv9Gi3OAY+PpjrGYms+r5n3OO/ArbsX7XaSOkpPsOIf3dM/g3/EU7/wCmy3b7LOr17ii6y29rWHruY0Qvpaof+J/fM9ciK4yXbqAeyWEdGTHdL/vuiXple13wHzkA9yRPdnhlsuvcEt/abgb6EiPVHdlQPVgI/wCSwnXTd2Fg+IT9YxkfZXU7sz9TYgXs9wlrnt7XtMRDr9wv2/ax4tSfrCdhGJ0R1byIyU55r87t49XE25D/AFL/AET7LYW5HdnInGL33QF67ptuUE3uIfZsBPHf/Y/8WS0/b8EYKfqOi9P/APi/0E69ix3/ABWWih/8dlviI/a/RatMdQ+11dS2v3Y5tNZsXrwdWPfDbgLwC6t6cNt7FGX9WrOZ8p67Sb4pdTnqK+/4kdPXEyj72TJBAidM6L44lPm2/M6n73XO9pxY+DipRHUeH/PwDDhtnNI1cn0cyrkCOy2p/XU8M/1D/R4dX23Q2FngDkfeO01tdFu+FG07E9F6mK9RpjDSBFpFb0k9407JH1j8N6kCbpZ5NOK/TbuojtL/AM4j1T9G67qum2jPuLp6lZbIeMw4Xr3xvB/Xi6eHbfZSNXtd5ki+t0fpvfdky7Z6S0h0PnvgZ9n3afu+kZfN/ovkv/Ze9M+uD2u3XgUdpvq1h7s4cv8AqI1932E9rfTZ43Q8a2WTNy9LYvxPQ/Lyz/UP9GsbcurnPW1a4elmXX4jUzfNd2siXAupbHAawe4ur2WEaXUfBYwexfL8EZ/pnoQQX9MsJPzYT7/Ls/8A7P7kJX8PFpOEIFX0EUBfz/8ABHO8+gl9Af31AKa//LqAUD9C1J8lqPB7LMuBSflvqcToJ3Z4Aj4zXrYQ5TXIDF36+IehFuyvz3GG+0Gf9iLen9rpc/T+/I1GyC80YWL1bM9/eWE9P2E50wn+0Q4BYPuZ8/A7MmdEdJjient4Z4f6d/pEXVsSjwv7SPxZPu1TwjKkP3w/vymStZDZ/N31YsXzBvOrtCJv+WhbvqG9X/QILl/b8vEN4Fzie5/3Pj5E6Lf+wTgel+T0PuM5fOf/AK/UEcgMTS+UBonHJ6iuFjbLbellB869WBvXZlqOvIRjW79EB0dvzGsR3eTXeDh0uqZewsydPp/UJH8WRxLgGAQi9GtoBDkEGFE+m22rt7Jcxjru8fttzge8PU5s/XuR/wD6C9vDM8P8g8n8D/S+s4YW222WY5dV/wBgerVdXOaDu9j4OB49n9W426XF33fvM6Wvcuo6N02O/sy7E33+55zav14Dke4Pf2/U31yj9fcPW+/zqIsiyGTPyB9v39Q90rEfiN8zO0X/AIhDf8FpGcS/U9nh/bar+pcP1uvB/tzOI8t7XqD3E33q2QPzExv2XezBr3/3HSTvhUxcCvn1yC06Qx92XCpe7I3bPiPaPATg954WaOvq/MO17Z4Z/lHm/wBZ6cGWSzbPAGXtB+E+G9HF1X+0b9vzevvg9ZuwPnvidNld3Dp49doQPuEB9dRd8D4jVup6zn3L3CIxL6cSEHV6hnN3Jg+dX+8/ok/N/wA0D9QB/wDkvqzsv9IGJUPpTLsXp9PKreNlZ7srK2+Z+rTO7uJT3YvcvQ8O562LSwxe90YmcPa5Zo9BxEF8uORwOO8osdujdnrwF9GYrBT4/tYxMC917eWeH+QR5v8AV+sYQ4Yfc/8A0ZTpl8MMcTu5PUn6h4kekTKxqf8AxdfHjEI+E4YojP1zFZ896Stl5FQw8C2yyyw5e/8AYF8zCunx+40gPgiWwhMEPdbr2/8A8A+Aypzee11zt1Myx48ZQzZOi7+2/VftwkH/AHV6p8SPcALv411ZXVdLdI/UX9FrN3cb4JHpvr4F04ey9vLw8P8AII8mf6kj1DkuQHENi3f+CG4cipHjYm+BBMrt77PB137bSOnDo8Ful+i6ERSWE4xS4niAN1Qw+IMZ0X7LcTsH/mJzMum7RngL6T7nuCnQvZe8u+BY/cniws+dmdsOtukvhdthw1QtP3d3vxxVv/CungcInc8KlZcDFR6Tai47ty/ROnqcF/8AcwkP24Zw997uGZ/lkeTy/wBOe708FSsY4REX9TAYXq50Dq21kP3fK811Q5wPD/gWLp8scRvlxQHxwRwFkHDpDHBvI8HBvqR+2sZwOrkzw71xF/dFGr4CJA/oO4J2cbHchOXjSH+p6Y6B+hgBXZwBZWctG6erZlZOy0D6h7z5vhDyZt08fZGz3B/dh/ty29Ng2Ateiepz/UE/8VjlLiNnrKJvAavHP8wjzZ/pz34zvi7Etll7I3tyCPe37X/m92f6lv3C+G/2l08JfZL/AIv/AIj3/si3/wAFkp7/AOi/+ir9wfuA6M42eAhCKIs5N8gNXt2TL5vb4u9qF+xXtDLP2wWP1Js3Uw42v6zmX+z8t8ZYsSL9CBMM+DKZ2yO7Yr2Nsrrxe96Q7eosc9nbjCf+1boj5eRwbSznmNL3ZZKPg+EUDh/336UAI98zhtlvd/Q4jzThP6Y9+Utttt4yyzhrxOtpBdk+hdW9/wC9v0J+q9sHAMB+gIOOl+nwVr+Gi2IpZeA3gI4faEvAWCSjhkkoH6iPUeHZZw9sL2YvhsnXrYGP1SMpKX4LfXT/AJuik/H7iHCEx8FiHyju3R4h50wZrtl1LH/mPte16+ru98j04bbbe/kM/wA4iPFJss/pSfXks4LLC/Vq3+r/AElXqVTqx+uECDJ4FvB5D78WMfCP7I/3bcwc1u9wRwQRwyW1mrvwIwnTkCyySSbfHqIsss4y9gTDJhhZvyv7ZL1Pe53Yr5jD2sj0z89NnQH/AGu3vi7r1XSXC2y7+YeH+SRHklln9M54CyOJo+raL9X6E6ep/QjT6iPZB8OMZErbeTfwqYed91l8z+jKdQPbfdxnKZ7x14nOhjkwjbg9bVyfA4beDwFtt8dhht8mYkg/6bdntyuH5nqN3JcxjfQf+7qnV6JxwZcQulss3v5j/QEeef07mZI8BZWBwPTmnB0F1lwY8hr+HTGa8jtMrDhz+eAP3ycH3bnvgdvflINYz9+Louz4BnG1r+A4WGGHneT1Ee4t9U6gtOPV9yuntF+XZO67Y2d9fiKepttl3/pER5Z/Tvu+Js8TMeB7cXwfr5gMfIGXkine118ck+1s+Y+8We7X2sz3YfNpdX7OaPCG9qwro4HEKX/fg+GFKcJxD4A23hhmMTTYw/GfYmw7AX74vhBnPB2WMOot5FtknqZ/oSI/rXke8Aj3HmcoYeBjPB7czHnNeG87Yx4z4iyORL/vfdxqfM10ysXgYW3AzBYdu0LtC934Ejj5v9pn3X3RT7cH28RwSEPMkYVY7B8IewWD6gCxil6eIWcuJe4sC0UP6QiI/q/biHD28KOyITfguVhDmMeA8PtdPkkqXitvgsJa+B+I9wB4CCvdhERM5CdyFdZjVtuXj0THz5ubHCcA4DnvgatkGzFyzyQ3xxK6Fmsvaf0xH9WStlDzfTdsQ8GjtfrYvd7crzGseA3XkTjbsuw59LL1wEIQ42FKG/UBNIoILLI3VH3JTZsGB+YHB5t2/gjeFOCU4L05CuJpdlDMe5ZSn4iFyJqmfb+SflIj+trwN1xCk7uOl1va7Q9k04HxovBeF8d4bbbznK9EdwhDkEvWXGBnxAPVg/AAe7VSJLlsl/d9nAnhNW68nlymkcEpSdbtEOeHqPXccEjPSfK5GI4NeCPX/II/MR4b/T+98cHAcEp1jUY516EvvYO3xPXzGX3HE8y8DuUReGw228bATQII4DiTxTYYCk8PJBvhSdG7mweCWLxjtkEcD4oRClKcBwCPHmOvgnvW26Lzf7T28B3pwsacLCLVw/yD8pzttv8ATvGO4PEPVrgePCaLuVtr7jJjZv1HF3nlPA+RbCSPq7fcEEEcqiMVsLAeCBDlHh720Z3cLwELeIjjYfEN7ck55wS/DtgO7Njfc9nh6TXr1Kr3ZQ/HK7SjdLbr+Ufwt/qC6eGWcZHrjfDBieelqPdrh6iDbPjngMD3E9dyuGWQRHBEreDMzdXw1OB5tl823zaW1v4ivav2wtttvIMcoeQje/tGfuV2z5m/c9eX96xYy9yPt9Tylwwi/lmnJ+beN/qHjbWWWWR45ZKwL/dmceoeCyCyzlQ9wP2vesFllllkHI25zsPhLJdxsQ5CU4G/bYfN9l/vyvfm6o0hkTte4t4LbfAduCLqIVi5H5brE62M9/1Lul3be+DnjYE384f3Ky/dDCNllnhlnP8Avj3wERB4e9ZX0lHbZZZZZZZZZxtvBrxdrJfSA6mXpYukPkJzP0zPBwz8Xa7eKAzLOCMCF9xnlvC5J+I5DPmYX+7eTes8S6cKv+NC5EmjxnDOMsnwIs59qk6dC9wRFlllllnLwdJguBAPcI6unjDHiEBx3xeBW74CQ8IGMyyTkMemB7hfqJvLHUrx3Zxl8cNvls1/oJH4X+1FyJdt4W2WPng39oz92cZfMgkfpP3ZwCCyPwMyXdyIwrM8HBzb2ZCGWkeBdvEIy8BCYxjM5MmN1P29Q7LItkai4Wfuy0LP7t8lmr/WP9wI5HZksss474yyTwOZDFn4WWyIB4vIvRLRj2xmOnO1HBHiLZZs4Ekssksskkss7hSP2LH6voTwWv7u/wByWeJZj/RiPxP90I4TXGWWWWeYwsLLPPZlwOmI1dEQ53UvaPckJMv28hwQ8p4ImySyyyyybLOGWWWWWRxnAOX+wD5ZZZ/cBllllllnBw2cDHkhPFqwd2RunlvN1vN24MsvdpyNttvAti3zZmOcmeM5yDleBd/rN43zIOM/tsOMHCWeJy/V9jwHjbZeZpcF08p4mvE9kjM9yTBS/ZDvO8N4KG223xbeGzl4fNZf7YI/uhz8AMTbeM5AsLDnOU5wmD1fbCjg7S3ay9bNmWSSWRsKJszFbDFvG8L4b+rI5fA8Fl/tgiP8B2G1bt27VrhvBHGWcnQHuZxv7oaB+YOKkrbogM4ZM2QcDg7uvkiAeO8aE9/Uv7YY3g53heNt5N/tiI/ww4PJdf64MTh3ibK3fzwDhkssgssss5GdHpY+Qtb3w62fuxeOQPOyy/3pB/hpHB5Df93Bk5NHqUhPr8AbB4ZZZJxeM0+bW3jbZbf8ACI/xAjywXCTwBZwIaQsPHdjBBHkosfFuJ5z+xf4REQRH4n/AAM4I4PDfuyZLIIOBB37iJw5Z4bba2t3ZZZZzn+ChBBH+HnBER44/wCp4CnEfKyyPzZ/gxEQRwf4eRwR55ZAXX+NBZB/ihEf5HkEHB/iRwR/kIQWf4ocERH+P5ZBBZwf4kRwRH+QH+LHBEcEf4xlln+OEcHJ/Qv9tllllln8h/wM5P6N/tssssss/lP+AEcHhvjv8t/rz8GcZZ/Nf78jg/on+4yyyyz+S/4CRwR/GPxv91n8g/x8/EzP9zlln8Y8n/ACP8cPJ/Nn43+/OD+if7o/Bln4M8ng8Xl/vTg/xw/Hlllnjng8Hk/35Ef44R+bLLLPBngj/Azk/wAd2H+EzM8EeDP/APkG2/nZmZ4IjwZ/vTkj/INt/KzwzwR4vD/gB/ih+ffxLPg8EeT/AHhEf4ufwNttttttttt8XgiPFn+8I5P8UP4W222222+TwREeDP8AgB/jmfl238DwREcsz/engf4qfzHgiI8Xh/uz/Fzg5OMsss8H+A8f/9oADAMBAAIAAwAAABCW7ujH7k5RrugA4nvWuZZ9lvgCdoeqC1pKvxKlHLUkvhJyH/AgHc/w3Od2A7Vg/VsZX5wjlVqUO6IW1m1w0Xu052Kp7pohIbVbORaH9hF9KhIb7AP0WEzw4RreRkdY41pDZzNpXO6L2PFWUcPUXkLHtxM9sJvw2iU1I5Ath7WeiYKfNChPcDh5jMDSUwhph8K2tgVptl9B1PNLQOiaBrKjKTUeTg+PtQs4gNE9oPvfnelYIG8aKi4uLWBIQ7gkYwtwrNvQ7J/fn27BFgZyvZP4fMRppKHh5Q55S1waFgLy/wCn/aV6MwJXGMZu7/BPLeI5pzLT03olMk5FrrX97huNgVjoue7smYHpTQ/uoY1ymJUKVLdb+eCW1lKzsK3ABAtfuPpygXZ5xFV9fWDUmS2CYONl2e80NG8Rbnlq0HGmNxpSLF0kgOcWu08w1imn/v3CI+OXkduBy4SDfX3qkIZjE+WzMhWXOU5VOPWZG3sElMZmy5di3gGIPGNctYH4E9fWsSfm7KShijK1nU/X4rzCVfiZSgzY0efTyLaLcMDyCvvbtYY9TFO5Vw/DfkPh9AHtSrFy6BP7uCc9Adjb6P4Ek68/0Nu8Zd4Egpy3p84G+CwKITpoTBz129lL7vetpOFyJE1W4j/Px9buq9UMNK6vCPUF5zP+wtnaMNmAdSgtw5DGkkeBXazHd7WL7Dp1CqvlSYRskt7DViK2t292+y9dTJhlOD8tulJxwjWCOY0Pnwvrszwjkq8BsTvL6y/SF0zLVComkxPHaD/ykjpj8TP1ANSGxgvl8NXPq9BJQYqkx44o1xb1zpvgtjhfj3lxg1ZwUxtwsWRItgOT0HLgWP6VijnIt8v8IG6Re/tUHN6KCup5dj445xv1pSTPBWGE/VRsyklsuggtjU/p1tPRgXWe9uuu/KPjF5wBVtlrm4cAC8N62C8/X7rWZuOdjTi1uPdyQC42uh8KI/6rLaYLYoBXBn/DWDybpoxZId7TI0QlewUdHZrGQmQ1c1Yimp4Etz6WnWEXqPtr/wD/AKGBkMIj7m9RTlRkVwcuiDwZa+1FDVW6HzXRI8RcH+9eAxunv1q5ZcAiFDVu2/KcbClwnJJNrCU5kG1kzcynEQis4+DMJQGIGO+cwdQTd8HgpYVZo8K1KgJHZaXNPWjtkhi01EORxUBfulwABYLw4z8VAuYLcrD1Six9tUn39Blp8sVSlIN+7bUBvEWNlBSq6t23G2I5e4psrClmBlxb2dnvbN79fj9FFNRMGAe9p8MFTGy6CT5j5G4UrF1CBXwg/Fwef/rkKmjxWrEjhOlgP9kvtSrM7eslMOVl40woJ0eVo8xy1jezQ5U1ippOlMoswB9tPzPOukGWjtgrYEdpPkiqNHeqPeCXbhacaoCecLLBm1DROoHQ+0aeCXZ1hi6k5GqyokR2Fr8e9PynGWLrjZISJx2GauRLZdrvwGn+GEFwpkliSqgRpnzMdA3WLgXtiKj8+GRbtbccJMwFgCqvOnlbIIjf7i+W6pj+mcBa0Fxt1e3eGUPwmg4AcA2GtnkALcZ2nsQI2pfZtNScRuB15EFBpsDbDCNBH1x+pCUmWj3CtzGtFOzQdaPSBbv07l9t6zrmE1LNV2BD5YD6aWPGg+lTlqBRb8IvO+URZ4KYpDw4C1zG5Y8mjh5mISJNlzJP31WsZ0BcTH/IVbZWcg54z48H11iBYpOVY14sI34YCi5HOcnr4Byv1jMiUq9WhS8XeDhL7SewcKy5lpFDrBKcqEogXUEOjstBxyVjHTTQyOYdDI+4CYyoOxycQM8IIszyPGj0Tj1B8z3iRTV5VCfE6YT8zWXMuuTl6Xx9A9yDHC2JcznrwTg54MzThp6vmMKYBa894Y5WuXwj0qRH5xBORq8dMfR0Swmvg4T8FGIg4n3MUmAa6Iw3HhYXCZ00HAN9CeZjLFwGp1YOzajB0iuqIstRiRAIcHuhq6Pp12yIk7lZjCn3oYx0DzpO0HEjMOHSIpRSrYGBBU9XRtmipZRRRvhM7tjsuRSUCNS+vRJumakMxQ/Wa3AP3JYOHxsEEwiCeKmZpGS8Mz9YP2o95zUsR2SYggkp0POjvL0gjkVbvrw30rLItRktpS5JHnZLEnAgyqF8jAoCv63u70/YND44cM40M12hgJYT1BBjbRdHLmr2pdIE99/ZeLdwf7tqlInmZP8ALibumFCkh0j+z1h3lOSNQncOCozAsVrbNGNvoDDwJX3UrSvONekvYp6G3RJHCcSjQ6sHBKdqXDDe+6mbF2bPo0AVYLTcSgpxgwjE8SVpROXCQtuIq7GBnmevgilGeaYoSWEPE/pLK5TPALskfahp8nGHQlvGAri5IEFrpIXKGDjGxxhQwQryUpTLkOkfd/vWAOkly2jML28wk4RLk/8A0THDXrIDx8bKcXtMsjZEEPX2idTIBA9o/wBUnSa9Ft0u79dUeghf56s6R3UEAEHYpDYD4wEaDHPVffuxFdvWKQmPmiB/LAfL0+Izl+vZjYIM5uNat+7UXImhCBBhXe6cxkSXKnf6SpDpjJ6S1P6sA3hvgEEwzb7poc6DS4MVAXhZqjtLtNrfGeyFiGj89UdVqkp0AYyt9nsk2SktthdSXHCQBD0QdVBIH2WYrjjjIugLp1QK+tkgf2TRz3wHsAOkZjPgrPbT4leBChnqFf07kgJZGv5fnwIlcOgPM2seRnrAHsHhufnxVdfJoWZjFVp3r71FP8dpe+mqlr+O8eL3zjWX0mjOc3nrqLgxYgppJgZyzOWxcHwv4qPTQ5Y6petgC6WNZ5TKSe+/5Jb30sXFDsndo0RM4y8FqEkdEerJXcCtNTYNXzykEBWwXuBwi1M4jX7Z3OOA9iie7edF7Hq0au0Gk1E5suF/a1IUjcQ5LY4BbOehSu9dUELrQ9Wn/wAbNQMBkboYWVAXUSqt9pCGuAdwF9fsksEms1uc1FLqIwAbDtho3njW/T8L8Sr+qVlJZmTWAM3KNlwo5rF0r6WVADTA7LDCpU1bnJRJPq+VUCVpq15CO7+qAEl0uQLZpYrhSwOwxWmaAon7dOto4gAPIL4lNtPULc+CR9S6/wAd+uAECfRqCVlQA6QNG2yvMKJQ3Sdfw6/1AFaCEQRvw88yEX3Sc5S6AuANWhNsHuooq84ZgXyLZu0Fb+ay0znjkmHdzesNeGq+8QfOTaSVlQOjwQtjgvVcXKCaEVg5anYEYbjluwwig/4PExXS02M1cIyPHQm0SDXXijSy9nvO+5I+KI/S5IPDANCwJJrCx6l0MCP6LAqFj9QTzzwtl+SP+qAwt1d/aSN2o84wnjjk7qNWS5h9Ksyd+n/UMaSpH9SnlFLY+/zaA8sGI2l05yxTjwqeEXgOhhslQqOMmFvvgPvPeF24za6zr0/0HoKYzFZTjsINPQo1t26m29uUmo6SDKwh6J0PmJf4l/6/99R74oMK7fmWgfoWMcQsJDUz4WT+NXqFvu4P4DEpTM8dcdbh+wK+nM9MVuzTMPCdDoK0p7SliW70Rqv3MgH1tzTXXWCXc3Xswq47v+zx5VMAL3h+aLWui9TJHjtfZFvvqPk3ArnbsRArw16gFVhDagSYJ37h9rdb+BrHKIUsqn3SD4/dLYeQzqBJE4uN85ec/Oe5/wCevsEi6L+Yx263XCmvoJf1df8A+rqeB9KPyCHqQqeqgVO6ZIKDBA99CDGQ85RBmfz2gjeSGWlFl4RBIZ6fEOTU1d0H3bepT/VCBC5H0g60G/IZny6DDCNXP+/6riYUovqR9SrcjCoUr+zMYOOezhALyAJVtC1IKCoWhoxlZIRLJat9taKj3ko3pUM2LSvXKNOwGbwebURPudh/PWCid6K3/qrWllFjgAFQlzKCoQvS/abFNNNd88vkRY8a9ykiUUe0aXu/L0xrUWvvDnoShHKjLZ3P0FEYNaVo/wA9OLjgAH4c/S/eIqt/q632BUVAVYc9l8v40Kwgtnp2UcARTtrOU+MZWNTLxp4dcraehf8AjNctPIvQuN/AeW3vrio+ox46Z7EaVHHgX6eNeuiF19f4r7d+VJbdTWdWQ8scC8sIdK/czxzu6pzSzf4oTTGBCEc7QI0ZRLGnns0B7EsEuK2dmQ4uKlPz7m1NQ1AvSvrZH9KuCzh4lMP4Kbg6mXPgG1/LN8DsMLfvY7fxsbp1kpfUGc+1ZMRga8diJXSLMf4YG21AKuAGBaaSltSF4IkGALT1OYQgNS/erpWEXsAEHo59ilpauZHhY4qIi0OLf8/a9OP+6ijQNeKa6QVYPMh+SG83Pa9/+a0G0F5tPb8Uf/ARlu4q5q8zpXiXnYKnYuqtX2EagFSJ/uAlqLNxhjrXLKPUuJP/APa2vv7VV/WXSqDXZBumxQZ+cLcAFtylkxObQqffgw7bQ4XU6S0j6j7vV7chXejXqrvVtKyVBBpzr5oCupYAU0Z++7QrSD3/APwtvoPPZ9hwOQj7sBZ4afb732M1xC+royUgkMSrU3qZJzXqyRt8qyGK66aE81iKrbSExL2iQaX7gCI6dLbV0dLjjCtQjk/v7ywHaNa/F0PQc9vmS8kshCDUGoi/wA2FodIId9L2EJ8rZkkY1hVF2lmNDKhpt1wdPTtWzqAfFiP4aKMNisqLDNj30C4gt/v/AP3gVRhp9DwgIN+5Oq/vK01P6urP0K0tdIcNCI7GPzPSUqJZgGaau+n6m79ddYEDCKSZe0QdNAwFxE23ThpEjbO4PWYpWprKR2yeSq8DDS4NNPdplzgZScad7sfrC1o7bIHPZnTUyldp+P3xNp5ZGkDeqrhYQwBaS6gzFxxBvm2V/ZKq7FyR/Jsjv4GjPLjMch6pPOlDeoIOHRGzk+wqIK1wD20Y8G67zwvw2c8U7v8ASJVqqrWWlCOhoUUAQgqJLo8s582aG43kqCTjNtlvafnAWqs4PewkW6yyuCjS+NMNBvkJDMWX81azye519tLMB+LDtCLzO+r0snlhWWOCKJpcUtgAqBhFTowBW4AK9QjiVA2Pl2W3gjlmBZXcsMIc82A0ZPQ098/aaUjsjdBY1ckm386z28nb9hJoD70GLu1UFpde3oZcB6SOCC+P0rK4NqFE1OOenNe7BUGmKunyI3A1J3yzDDDWI8B8xscPyrmk6wZtZcldTT+GKgUD9lEbUAyLPam3aIY0l/wgFxcpCvKC+2+5g7K/qCNMf2nnD8sgZPdDmyaYLCVtBDHHrSK8IVN/2+/2aYdiYl91dwya9fLvPHYIxDDx7bCwBcLrp59wBduULC/iGK7x+uNa09i8OaCryAGhJsUKNuLmCfYDAkoAU8rD+U8BaiGDECr9yOwENkgf3FVeU48sVyBCnp1UsMYoImiw1MMX+HWCXK/vrB+/WfcBJI2ro82YyNAElaMZ6uuaXQSRZ1JBBH+M0oJQw9Hro1VzuZVs9O5VxbThB+iufcn5p5csBAdfXCDx+eD2erWu3/x3+9PJgHTitI80wsFdORNJIlDTmbnlOB9l1tP++++CONNA6upA4AjtoEGSQQaUxxxZaiOyx3Q9wwEdA7Hu6+TuLAp3S4D5pV0IFabyEZxzCTzeZdPBBN1poAA4aiIu9sc48+++ee12+Ioq1N01WVlJyvPkFhPzGnzepv4HkkAAQ1I/H+6ju+8h1QAswE0B882lZXZWWMCWE82Eno6ZcppQN8VUYI3BQtU8985xCCW7jx88aR6oh4+nOkYZJ/au3Obc5fVFNAAVoofyF8tFBA9Ug1oUp80Ab3SOWgFrXqeqf1LlXNMB9I14oRYZ9r1J19t9pCHL2gb8t5r+1VYmG5I1ldNmqaFKbbhm4V9NN8Zl4Bc8xIAM5ZtB8Mk4dEdXi9yODTgPC8loAgDdCeA8AgBB9A9cABihA9Cf/D9eBd+/jgd89DDC/hg/dCfBjCBig/8AIAPHHAPAQHPXHIAAPfQP/PwYPgY/wXgIw3YQoIIf/8QAKREBAQEAAgIBAwMFAQEBAAAAAQARECEgMUEwUWFxkdFAgaGxweHw8f/aAAgBAwEBPxD6w+BmUF0Rsg4GuDXhZlG1HgLdJzfrgnzCxvh3k3h63SDAiDE6TXMwImBsSSOBHfqGxAGESQY8DW0tLHDSWxLZuyWWZ4222YxZbf6AbO7Y2DY9Q4Zw1484iRh3bPAcZCRkYvAIkTokJDg+RxmYB82WN8LkoYUx7gfmHhNBng8TtPeQmLZJyQvD1cJqWWY1jHnvI3wfoviZ2cLLTrmJZrbXy8GcHbPiP04TbxYcOLBwdW8Bri6TzE2xiTyhgmUWrdskkhFj74yIZkMpzFnA7Le7x1Y8q18oNtt8M+i+I5x425JvZMENeLI4Wd3uzw4WW3IbNnYWWEkltacrji0u+3ngKPFgzggsskks/C4gwM8b3iMVhwsYxbfpvOfUHhYtSUTrideI8Kdpd1hESSawCwg8hpTnN472dlpxY80kIORgg51SFLmb1tuBM4OVYxfqZM/Rzx22GxseIBt3Q4rLgG+EM8BDNnL4sOU2wsRwMJ8NuzkjzXR0cfdwdNrJITlWLb9Zkss5yyzlnh522wsuEZUpZcCHhlngcPOWWWWcJvA5M08Cjyxp5E8Ltu2wCGb2nCzf6DJLLOMsssk5ThLPDYmEhL8onphembIQeOWcnD5Zxn0DTyiB4lYcoNk8VHgZv9HlkllnhllklnL4bbGLOUk9mI7u0PEPBjhjwz6Y5ppBwMz5wdyBEcSvA7tt/oR8cs4yznJmeWfHbYxZyL3fAxHXgHi/VfFJh4SMOVlZnIDNvNW23xfp5ZbHIWWSWcNlkk8ZZMllk8bbbbYykj7gcYRpwfQOX6TyyQ3gSHDcgcd9idnZ1M223+jGIMeGWWWWTJNllklkkzPO22wzEkbosXDvqPrMeLwTMnIaHu+fhPXCI/NtO5beN/oTgshhhiDb4Zxlkkk8pMzM+G2xBjExI+4HqHavF5PoHg8vCD3H9t6CV9S/KRlsq36eWRB4ZZwcZHA5EGGIQbfNJLJJJkkmZ8t5CJ457hcgBp9N5OHwYbVehner5CZlPDbfPOcs5yznPDIss5HgxFGGIQbbfBLJJJJJJJJJLLLLPAeVir3fIRnT6pw8KHuJ1XUV73xCm3foHGWWWR4ZZZzlllkFlnGeRiINsPDbbeckkkkkkkkkmXk223neFkyvkJCafUOO+V08V6b5PjH6eQWWWWWWWWWWcZZZZZZzllnlsMcJNthjg23hJODEknDhatttvBbycYTuPR4P0NyEyPe5ojMvDdxbHOcEFllllkFlllllllllllllkWQWRZ5bbEIQmxCHOSWT3EWsyWWWcEcEWWWWydEPkniNGylfazhiTZxnI8ZBBHBZZZBZZZZZZZZZZZZZZBZZZZZJZxlllnOxCEITeQiRd884ODgizjZIQsWDxzwGESTeQmFklnO8DDBZZZFlllllllkFllllkFllllllkHDxnOWWeI5EINvCfgnGeGWQQcFkHLepXe8dRneWeBmfMq62zeMgmySySeEsssixjuyyJkFkTLOGWQWWWWWWWWeGwTLbznGWWWWeAxHJto6z4pZBZNkcZEcHDwjsUTqQNPFWsjRqyWWWScJwSYkHzME28PEekFlkEHJlnDLLLLLLJ5222ZkzMMMeOWWWWWWjk9cmZ5CeDLJgssg2YFlk8k1Bu8NUnTuRbGZklkzOMk2Ew6Tc4eC1WRpyHBlllllnOc7bbLPAx4MzyORS7DzlnBgdnBbbbIINs5MCyeWR1ZvDLJngukg2cOPZMuhWl1heMGCTwM7yzg6cPAyu3OTLPLbbbbbfAbLMeRmfHbYi2HjLLLqcGeFHcO4MnwyCyIcAyxPcsumXf24QiJBlJBk8NX92dF8usF+DGfYSPGePDgycbZENcHWVJPBYIy03httttttt8Btstsxiy28sz5hCOd8PJOBHUINO4THKUpwJEwJMf97aDJMcCfhxT6qC0k1ovr4mOtta2e5kSZMGPrD6932eRGLpEfvHtth1wZ4IZjzPdM92TE8tYstvDbbbeNttttl4W3j3EOLM+RBBHgchGBskyXA7ODx1kDu+xBXWM6atXpADBF2D6hTk/aLP1j2/4s3+8n+7cf8A0/f1Dh7s6XUm/wC8/wAW3Q37r/M2jn6qQLIvfdhl6G/BO/sUPcqdb+V/mDxefuXqXXjbPczhsf6SEOr6ppYNXaYcLizg4Obb5bbztvjkETW6+GZ8cggjxL35G8GDdOLzPRwbGkqlnAU7LRH2kRYwXTEXu/4hR+Q/LCL3ALMYT2PZNj6f2Pyfj8fEyPWWQPpA3n937Q5cSQjq7mB6+CWHUgJo98UQXEggstg6RS9zHi2D723Do9nzCk0YMrr5h7w7nMeDh8/o5PlllkEN5RmZ8CyCCPE9w7scMiGJgYKM9z2FgOJ/cu79hwuHtkPpmPtZY3n7yMvwQEfgP042bLWPSx4TI9H4sedDh+nx/iQ6S1bG9VuwYOn3d/F6iL5qRn6v2i93UBRkerbz7upEhV6tj9l06JakHd04CF1xZZZZZ4rbPGRwZ4VKZmZ5CCCPI4J4DjHe9W8wZN7Pg+8m7h9iwxW/3t1sPzp+0Nh+T4f4losPvFHa/wCLWr5F/wCfYtnts33M6M+77/raMPyMH8rYdWM0VrCiLc6N9YfF6A/qQ/mULL8h/iZKE+G7/Vg7N6tfif7SbdPZKKHr7RTRICU7tAfUatIEWD9VAIY66TM8lPpbnMzOGWXjLOSLLLOSlPDM8EQfRHDOrOeNzayXOGb9L8P2f4+8+wJ/8/o/Fh7H4YLekhfxmnuaZF638XYn8Wad3RsX+dPn+bZ/br+8QiQs7aWa6mXf6r8q+2z9XSONpCB9Od/3+5KgxLGITPdmxQ/aL32I/tDnry6En+0c3rAAWB+YXzCfMCr3YNlXBu8gROraB4miyTJt4fAiCyyyJQzMzPBEfR6IgnvdZ+cJw9W6y/m6QZP/AFPk/wCn/sepLTrJ2iJ+xehEdkdM/kAf9Tb/AJiWD7vht2DCdijZr0S67u1nb+xgP2THaBN79P8Ay0Bw28PwHv8Au/8AC7de3oz5Orq/N6/l/Mgu0e56Txvhiun/ALteaf2jaBehL0YsJDBG4pS/dd/0PCMzPmQWTM4GGZmZ4Ij6K+IY7gjUY7eEMYGS20th3AP3/Zu5P8Dt/wCF3K/2P5hrR+Pp/iecR6d9iTWq5K+27CP8JNtYpZl8+3v/AHCDgfjJ0dce/wBSPS6TIzsj1CDI/V97UH/d+X+3o/vOAr7/AJEX98N0MZdX+G1jHC9uk90zfWVDGRGOr1+D7/3/ANSsYY4O6KGQLGZYJ+3hGZ+iCySSSOoZmZngiPorLSGGU96nqvC9dlGcM97Hso1Sr37jQep+4f8AftZWTN1gf6B/Mjrv9z+L2u/D0/x/qSDiWKI7SjBgo+yL5lKdMTSEbIJ6Nf2FmVe14OnXU0Qbs7bX2S32+IAep6Hpm9/UjE60nvee3+P7/wAyAyxXUgdt8R2fnHAONcT4ZmfM4hBMEnLMzPBH0xdvBD2wCZMRuXdnloqZN0bLKSNp+Fp/f/2+Uj7f+fp/uWSezgZr0en/AI/j/Ugg5nX956MLYi/KLdKBZIB+Yb/rkU3Uf4ZB7NL9oT8THMjJ7IB1NWu7YeldS2OXyv6fH+O/7ys7PctDDSyZ8z3jVmcdET4ZmfM8AnAJ8TPBH031fMoxDploxgHudGvthzLhZA3w8W/xNsDod5h/3ixWtzhEbsyWIwQkDNt6dN9fyzum8U9cbcj0+/x/5LGb0WQ3JjWx1bhDCeoSAPnfndP/AH/EAw6Lsu5hY2pnEPSepxdOT0z4w8Z4ZZBDkzkhw8szDDDb9McBO/uY6fVgWbvI+7He/qeMY2KKyD0OzPSZ6n7sDfL4HnMz7GeLuyFFZsjfx8wm5/V7/YusJf7n83Uhv2dj/c/11YCd6WF2shNPtj1v+uNhvWjvd1v2DNPmVZnqNngnxh4eFiyyCOQk5ZJnhkngYYbbbfpmregh9Th36n07dl2QPa/sfzfDP3b3QP0IF2f4/i2wWFFXPIkGHKZF6BB6j4bC98w/vfBbKIMZ9hiDTAnsfUY0dHUtv70D/wDS/T/cv/vSRCwO8+7YiW1rKttey7pz8rOgs6veC6G+PAM+GbFkEEHB8MnlrPLJzsNtttvhvgLWBEdxadEzB95nhEKXS7lms7rESXFJhsOp5lhbtbUEnGbC7470jvU8Zswauhi6urCXV2i9NvXgGeGIIggssjg4snUxnlkknjeNtt5Hgk4CCSJWxmC8fSFGXwQntIZEEMOXrKs4CF6a68pqM25rOkJO7IkrSYe4keqIdwv1tI4jBHTPqU8jNnBBwDglkTlHgHwSSSfoHBwEIJ7k4NXSIcPTgRdJWFhdPUNhyvU5d3fsCKT3Vh7Jn5RCZaeuPDh1wGePrAl6+9xbtvI7hlvrkeRmeTgIJJLODlFnB8Ukks8yCL2lDwyTbJSRwRacD7+GyhfZkZcQx7/MprK27oUbxDGPvFMvcbtLGTMYYkgkn2mBHIGIh9svB4Mz4HIHBjDrgpcj5JZZZZZZzkEF2WRvAM4gQkvA8UbDASQ5CzXIK5E1JMXsJIQwjLI412wkcEcHeiy5jNgWx3NhWZ4MzPBHgskmZZLg1nzSTjPEIizi+F6j8XcxyFgQPUpwEIc4cXbs+yaqMRnuw9ShvCKo++/GKY8ndL8oMzGWxrC2wYZMzMzbPJ4Askk4xNYn0iWcZZZEEHBF28AGW3uyC6DWD1H2IIImcLlp6IoRtscd26OJVyUzyDBSB8wH1LLlt2h42Yu2T+k8HoTMzPBJPA5HETMpZf6IODghi7cKZK24RfpvsSTuIR4qEi6sTP5yT1KONueZT3JM2WSSXT1CsWlmz9rVrwq6vmnQHDMzM8GTwGIZSht5DeDgEn0c5IiODgiGJDZzys4ZnOcvUm3S4nADbbuw6YYhwLyyTNnGWQcBsvZgevBmZnhkmeSIlDweZnAVNhD6WcnB4kRwmzwbZZaLLLI9Ahe8vZEnzDeiZ19oxlJ6S2S8IsONpdttnjPDIUNvlmZ4szMzwnB5IiPBbB4af6AI8SGG2GG2GGwY+zH2YfxEPXAJiQ3xKM4vX7/+RexB2nuT9pQxJJZZZDlm3eHbGCy9GTYL3wnqHDPgzMzxk8E5I42eAhzgTJCEn1jx2IeNhthhiGGHguJIv8D/AMss4i+0NvGWWWWFha+L43qOT8EFD0BdEyzLwvizPikkJ4IlmbsPA08Akh9U8yHjbYhhlDDDLlGc/JZn75u41J9sL2Zt6wz9J+Bf4he1ZHpT8UfsgEN7mzh0T4MzLMz4sz4pCEnBw2R4DAskssmEJPp5Z9A43gYYhhlyOcNsDh2dOld8Gv54G2223wZmXwZmZ4fBnh8chCSyCyyPAwGRwzwISScvJzln1tiGGGXiQ22222+Ryss+DMzPh78GZ8ckhJwCDxABlnLLZJCSSeMnk+sRbwMMSjwKhlth4bbGrfJlnwZmZ4Z8Xh8CJOB4CnFwiBzsvAsHAcGSTh5GPqHiMMRLwJDLbbbbbbDDbzsss222zM8Mzy/RIsknhOKQI422WYssTCEzJPiP9CQwxKU5Sttt52222GGOVLLLbDLMzwsvG/SIizwZxZxtssssyR3ZCE8JJw8kfSPMiGUpShttth8xh4XLZllt43hZmeN+mRHAhCZZJJJw2WSScMhCHKSeJ9PbbeDgiIZSlDbbbD9Atl4ZZ423lnxzl4Z5I8QFllkkx8IfAiEJ5STxPrERDEcijnYth8htl4Uy2228s/QeHwOBwIh5zg+AJyOPAJyySSWcj9LeSOCI8IPG2www228b4rM+b5vDwzycCIhhtjlllkkvBTieZnlJLJLOBh+hvgckMeI222GG2223jeNtlln6Dy+LPDyRERbwIQhyEE6lyVwY8GfBJJJOR+oRyS8JvG2ww2w2xbzsy8Pmz9FnwIiLLONhiHIYxiylOY8Xh8Ukk5PpHieQbNsMNtsMMNvCyyyz4bxvO87zvmRyBZyZevAM2WWflL4PiJ4I+gHiRw9vEeDk4I43l4fF8n6ZHkGSZPBtm9r/xAAqEQEBAQACAgICAQMEAwEAAAABABEQISAxMEFAUVBhgbFxkcHRYKHh8P/aAAgBAgEBPxD584U+RyEVqcsPiO44N2yYnLbLjpPG0ZY+O1JcqyWQpChz8QZM0oXh0u08M2842cAsss+HfiJnwOA4yjL3m2yyyeTgGFHAE2HI8m8Nl3CIUuVbLJicM4yCFJRKt8r2lszwych48yyz8M4fAi248yc5g5A4yyDkCgIshNllknjngWWeGTEssg4EnBDC4fU2WRwEyyyyyyyz8XfEOAMlnE2cASQkkg5wgZgjJwONmWRrgknJ5HCScDbLJZZBESsssss/gN4IcF4lwHARLODDmhMh4aU8ZQs4Eksh4fDeXksk4yC9cPdlnyPJ8O/EnG+WDZ4AyeIwgnlSOALODCyHJ0mJzvOcb4ZZE2WS3uDjPl222ONt89i34Ms4DgpcCMc5ZBB4ClwyyCyySGzBBJ4IJ8RZZevBj498z4yI+DLLLCNSngQ4eQsg5NllmyznJJJIgsnlCeBxllnBZJNv5e2228nBb8e8E2CMeAQWRHDZTwFngyTHAJIcQk5ILJPATdrPxc8dtt8jgj5TuETwQWWRENsz8AhHAJIQhCbIiySSyOuC8Z+LlnyEckcHxYwM8BBZyRbPB5vkBGEJODgTJJZ+SllknGcniQ+BHyDl+yQ8A4eCJ5InxeS8AQhCSCLBP5rLLJ4fMtt42ON+VC/bA8PByxHD4vBlKOAhCE/gbb8Oz4pZwklnGeRxtsR+AM8KLweBHD4vB5TgwiLWVfi23w38NJOMsssss8Tk42GH5zF9DDHgRw+L4B2B3B9S/CfDbfwdt43xSTjLJLLOMsiW2222GHg5CyyyyzyHLTpjxOHxeVJL+pG349+Pfj3nfHLLLOMssss4eNtthhiIILLLLLOM8ljYI5OXwJjjMvjnOfk7bwxLb55xlnhklk8PG3bhDPifDeNVg5OHxLNhauy+W+GWcbb578G228bxttts8ZJZPG+WWcpJZy0H4m8PDxvG5YMO8FvLzitEvJ8STG3z2223jZbbbbZbbbfLLJiWcbbb4ZxnGSXuQD4d8nkeByw6YR9eDxsceLbDweJ56T1bbbbbLbbbbbbLbbbbPnnikxLONttt8tEdeQ/Cz5Dln0w7wtvBjbRwbbbHhscr5aQy2222W2222223jfhLI8kmMZnG28bwxw8SYtttt42222fPCxYyy2wjbZLK2GGG3g4LbZe7bfHa0st4bL4bbb8GWWWWfDllkx4mZydsc5w2w22228bbzvJzjO2iNGy8AI4rtRt4GEIobY423h2hjg5bY2223ks8c4yyyyznLLJ+LJsks4M9o8E4WHjbbZeTeS6idYXbPqR9ofvdyg9rKpdoYEszC1jHS0+44Bdo4LeG2XIMMPgx0yTHILLLILLLLLLLPLLPB+N8X1e0c7My2/qHhmCXa1htvoJ3tWNh9uE+qjMxC6ncgiUqXPIf7LWPaBatjOzIzaziI5YZe/cMNngzYQLLLPwCCD418vThtsw2zw9Rw+K7n3bzvm+sGSQh7SEsgyQ9wbst6Il3r20CRK6V1/6gsE/sQ/fayx0/cKSGO27Ds/8AUdTF9Tl2j1bHDMkBrIYdw99XV+m2aW8rbeXgez8IIIOM+Jny9IhiyS7t4YxfbMuuDSAu2ykvd3chVu5cylhjdZPtv+LQnrsg6Y3+Wf8AuHWetZwVeidk/XqD+t92yzgAxiQdzuHdh1sUepvWY4+5En3NwYdQWRy31+fLIgch8b5vqGI4eMm+rDtI+rod3Y6s36WEbyT1Zdyx/aC/15mf5y7K/wCZ6DKx/SDuedTATqGRsoEiO7PpsFmR7sKdTrIGX6I/RL/pMOQ7JwEIRGJX7G2vV37u/cggsWcMNPjzgQhMs8n4N+B9RDDw2eMs7uRDq37bFmE3X9h/2g4/1L/hBYIN+j9f/bovLALN+7NjP2/7/c5bc/UauZ1Byxxyxi2ewYr9oA99Wk6nXV7rD1Ys9sjrbdEbm/rHbuE6D92bNbuZbEjfRA9sEcMkeoOrLLLPECEyzjLLPN8n4sFhEUhNgnuzDtt2QZdRYWseyPf6zNl3xwyPaWbUWF3KlAYXrbJZc26M23e7LR3b7zIT6yTGpCNBf7Mj0I2fbAD/AMBBY4R3P792zlplFs63UWEFnGyy8DpwDwGWWfivxdiZ+l6RuP1j7Nh9TQd4Dn1C+7V7lrLB/wBTGYTpFZBAgicjMIesC9yOD1JrdQyDqEdxLq7/APrQcr+hfaD+3/gvWI9OHf33PTxf/wB1Gs1X1KQ+4mLJs6Zz036C/fo/3unof7/9TXqh7xvbsG2TMY1n6y64Py34j9zJM9XaDnBYw8F9EP31D9syfXagPT2f3siEO4iP6MgftkpxBVx3ZjSQbnT/AIhqO2yj0y/aMWMLjuXtwWr+h9H/AC/1tiQutko/RvsSRGwHgAFn2X6B/wDuLBwL9V+kvv8A6gvUssuRV2N93pweD/A4MnRx4ySGPgB++ApP3OCTOr1GRh9XT1A+Ye2edB9vR/3/AItHSH+r/mN7H79n+/1/cij6P2dxTqH/APn0e5+4v7rrcL9PT/7/AO7AJI4wXfEa307/ALhIALpu2SHeywg9Nhgz7tOgwwBv7f8AcRn0Rssz29F2utuEadQ4DFLe47Q5Py34zEs4zY66cC+t6w8Y9kGQY7ZXCbOZ7/tbhwej9/1f+JxiF1XoXULRU9n6/qf8n3NwD0+8P3/1bW1ftkkkQF39/s/+f4+v1Id8U6BD7SQl6D/skJMQg2l2Nu2h9vqBV6kafuT0tt4PXT+/3wBWfUAEu3vERbbbM1yflvx+kQM8Afsly954mKrdMixHkpHtwPrdy92USTr6ke3c9f6SgwUPZevi0XuGmf29n/X9o8ADCCEw7AD6/Uc6XWYdIUCIe4UTIQx9WbIwi/UDI3sYdXSYt2cbZvD7Y8nB8Ofl+kcJYWjiCRs2q1RJNytbPG7t9Jn+t/8AFvcm/wCsejF70XdONhCQlWPcgvrD/mcUhDNPtKMqDolHSOM53BhtZMHJD7hPVkB9/wDdq3RDPAwZL3uzICfI+bPxvSOM4YF7C9ptfSLVdEL2wv3Zfc/rgLZmJESSE5rf8zXtf7cq+33C9q++w8Bk3Yv6kfc4gEfaT10sO4mafUFA1et/RbMjHOPDFmpV7be5S2/hHzZ8PpENsztnZNl2weD1PA3GQ9SvdpwblUsAwsNkkkrNDsHD8D37v1pEz4FrrOnWWI6mOT4D53531xsttssW8HwAvBiRenq1AW2aXvV+2NcVna1YIubEB5Ntt4eNpRHGeyoxMCJ/EEWWfiJjwsttvG2zN4bNtvKbO4uCTB9z0zJfviScTdS8NB74NOAfGNvc3qL14FyO7s/hn4/vwzNsPK8M8ZZydx+8s2WRpGQshaWlu3wDMHLTCI4+8R1b+4beC4M2Hgfgjb+ObLLLLLLLLLPAbAi8PB6nwHAmQwdyyQ+p6lmS9Sw2sMKM7ZaYXbavJHrwPkzwON/EOkuW2+bbbbbKwC2XwyekZ6ih4H0I+zgMMonc8SWWchOs75iEzllevA/hmQz+sotttt5ZYN9R+8AereNt4I/azfUTB0kSxs5g6tht5QZf1KLIILOcgtthN+2APXifwr4ZshsfVmRYcuLB6nXmRsbq9oDB74gJS222w2222yLEsbXDHIm/ZBnmR+M/Mvmhsbbbbbbed5CAcDiW8ByfsSzNnO2228bbbbbbxpAHxH8Ym36bdu3InG23u1Ilrai+3DdusMm2QeQ1JllnhtviF+34z+FflwsX9Kx+rM4wbNg9QPaW9WV1jq22223jOGc9cZCYXDEA/kX8MieeBwycrbbba2tskB98H9Cwev8Awk4wZKHHgxX0SoF7l7+tEI/d/qtfuP3Y/wDDoRx7ST+7vT+PPkf/AAU4P5fed+N/iN+F+XPyd838g8cs/mzwfySPDLLP4l+I+A4Z/JIiyyyyzjPLLP5R/KIiOcskssssss/8QIiI8Mssssss+d/hs4fyTk52Hxyzl+Z/hn8ojw22222222X8J+Z8X+NPLYYbbbbeX+Cf404Cyyyz+F3yf40iPF8Tlv/EACkQAQEBAAICAwACAgIDAQEBAAEAERAhMUEgUWEwcYGRQKGxwdHh8PH/2gAIAQEAAT8Q5BERERHA5OTgLLLLLJJ4e9rvV0PVrvV5OryxW6yycYwWSXh8Q8cPBghacWmcYOCLLZYTyVIX3Lffa3VFP3P74n6j936x+uH944SPG8CScCZw3IhT4B2TlEMct5zwn7hv2vvv2v3g2PiS4b3P6v0k/dp7v72m7cHVjGfd/e8PN/eJ92nu/e293Z5hzuIxNf6z+r+8dvPI65DuyX/cMIx6j4Lx4KOA9Qww8nAQ2R4U5Uo44jkUMMMRERHBwRwWc5wySSc/qNvvVrvVpvV2PUrUIR5iCHUIdwvd5jlshzH1WfyBsIwkgvy4iks8xXE3U/qc39o/dp1tt7gMfACzg8Dq4rLrGYEfvibuzmzkP7nPwr+572Nv1uk7v2v1v2iZ+5NseeP97D3fvK+7TC+41wkIO8MhLKlm4PDwB9395P3I+7HAMLfrEb02Itq+Z7S74Hoh8UGGIMKFChQ2Ovi/G/DgPzFO0fjgPxHIUMMMoeBiIjgiI8R5+GfFkkjbp8Wu3n6tN6vP1Yr1M9C8u7JOuImyyDlhDm/w5LOeJGdFjCOw8xk5HoOHxmFtTZW1lWuzEmc7r5hiEHBg6vJPOVZqW35DpsvLDZ+5P3dnzO/fBjzRx7j9x9Gz8t+19LH6v7z+797979ZFliFKPCU4BwLYQgtDZHKEY/q/tP6jt5v1v14jg0La/wBzMXfEdEfEfhNJm25vp8cJD8R+Y/MfmIfiPzEPzH4iHbgMMMoYZQxwIiIiIfgWw3nnLLJLU4fL1bj1Ej1a71Yr1P0GSDeHKLLLOGfML8Lvunbx2MTJIdce8PMI1yrcrpsuSYkkHfF4p5nlV4XifRx+ax3iNkELrLqHi5uj54/2tPdpAyUrL46DlPcx7v3vXubseb97a3eHgYpenh64hq2ZI5PhF3IWMrgduH9eVJrbT7zlMPG8R9SM7a+r8b878b8+P8eE/MfmPzH5j8RD8R+IpSEONQwylDwUMMtiOSOC2IfhllllkklqcOu9X42m9W+9Xk6nThMeeJhZZZw3vg8Vu3TeNhBw+JGTOQ2rx7cJzGh4+BDGavDt4LKR40iieoMfieJ5Lo4O7gclLohNCRjzO6oUuyk2tk+O2iFnmVbyXec+O8r+9+kQmxBDicPA8F4dIzfpd3nh6I86bs2745jwSZ4vFt+N93B+F+XF+fD+MfiIfiPzFOcfj4P+vMMMMpShhhlKUc7D8CODg4zjLJJLe1t96t96t96th6vP1KbhK0YQsssmYc1iF4Y9QWTLruXc/N7w7k1u3i684SJ1GF7M4Hied2lo+LG0s/N2dEOKQueMx/Iebu4/6XszlD8T04PxvfwHIx2/g6zLLJ4T4nwySyy925w9F0+Y/VsMpzhtllKcyymH6v0voku73wduB1vFN11eLq/C/K8PV+N+d+UF+MU/MfiOSfHGcMssYYYYlKGGGUMpQ2wwxERwREfJLJLfj19W+9W+9RO9WgzLepl66kmZJMw74Pbd1kQgnqXU/MpcNnh7euX0g2RHiHXDjy9Gx4wLSIjiOBIdXkx02FvdkTS/GL/W/rBkhZ8R3584G5XpsGSyyySfgRHwSyThiwiH04BnPiOBxfryCyy2UsY5G3aZGTOaXh6vF1ePS/C/P5JKfiIfCMssksks4yTjIZShhhhiGURDDDbERHJEfwJZJaW1pbbb71bD1ab1ZL1IupJODMO+DoLRIx6nol1+y/3eqcrvM3seews4CHAzoncTPhz9WtiQ9Rub+ZieYx7hpeThafiOscUrwfs5E7XbZ/3GuLfzvLvBjwYlkk8nBBZwlnCTwcBFLJcGPuwm+XvlHiWWctvIWzMkfJeHq8XVhnV+fLfh8MCEyyyznPi+J5ZiKXApS4DwUMMNsMMQw8bDDDxsPyySTkNDxbb1dT1aj1F31YLFHq6cnuN4o83pL/UuJ6z4J8HaQyDZid3dJMYxpx8+LPizg4Yk4+8IW+8spxAMgyLLfrnRZ79WfEHB4eu7eXha1iSSckEFllkllklk8HwChy6Ti8prv3b4TpLPAtsTawkZ1eCY51eHqzzqwzq8PXxmSBBBZZ83h5ZmyUpQylLgoYbYYYYYYYYYe4YYYbbYY+WSSSWtpsD6tN6sT1ab1MLHTC2PfA8wh4h3DrgdEtn9XonxZOS2sOR8T5k2Y8jyj82Xws+6Flk+Zjl4xhDvxJgQSIQI+kkzSz42Hbi1gQvqQ4x4/wAvggIScEQQWWWWSSTPBHIJGDC1KwtjkCyylu9vWyY6bxTLJlnVmHV4erHOr8OZIFlllln8T8GZlwEGUpSlDDEIMMNsMMMNsNsNsMMR8Asskkmb2vq29Wm9Ro9Wu9Xc5GFCZxG8oeLwhbxEsp53bSngO+aGBCIOpJJ/eM4YgQhx4cA+KfV4ZeEOBO7OAQo4JXiC3vvmk2h1BMF7M/hxugWQREEHI9J4CQsg74BfdHwCEmSfUI8GScAjqZ+FtM3/AKQGTHIRnVnnVn6s/VjwGIIILLLPjk8Pw9cM2z8AOQOUQY4AwyhhhhhhhhiEG2GGGHgiOMskmM34996tt6td6tx6tBjCpGkyeyGCPV1CJepe+JcHgIx7hBsRhMnuTuCx4ZDjEYxz6+D7x4NOBDiEIE8rFpfTb2OF2iyS6L6vlxeTxCyyCEEEEEk8BgsiEfnBo2QjGyGuib8TOaXhmedQGQDOrDOrD1fhZRSEyyD4M/FPgzwzPP6cB8BBwBjgEXUMMNsMMQbYYYYYYhhh4GODhkknXBr6vztN6id6iRmu/wDpdjET7WnMcheBDLPqXB4IRhDqNn1J1wZOc+AB+RyPfAjlnj7cEngIEHcFllkPNs8QskheUNYjMODe/H5et3SWQQhBEOB+ABLIcAtuOPF08XlDi0mfEjnVtkyyAZCM6vD1Z51H9QljEIFlllnyfgz8GeGZZ4dP4AAAg8gQY4BiEIcAwwyhhhhh7hh4PhkknATb2/q2Hq8vUbvUfcx2O9CX0eFlKZ4EIwjDjwmTXxZZ33wCCIIQ5jn3M8VgySWQZBZZZx6mHEdksxjqMIOGnIeh+HXs+EBAghBBBwfgAwshCEerJ1fQcHukh3OsJsaSudWeTLOojMLLOrL1Y+r8IiIEFlllln8b8mZmW35LR0cgQhCKUcgg8CDDDDEMMMMMMMMMPyySY7trberf1b+oXeoXeryRTYq9Wl3KZmIQhDuEF+T4ks8WdtndncQIIIX65jn3+T4niz4kssgi/uILOGSEYWR5jGEE8i+yPwq8nEzIIIQgvsu3Cp55ATBHvh4wSSem8jxaOiT7Jep41nh6hM6sM6iM6vys/VnBBBBBBxlln8Dyzy8M8PD8EvoeAn6cgcwUcBBhht6iDDKGGGUMMMMMMMMMfDLLJjNLSPvq/C8nVtvUDvU3cfWEx04PAhCEYPh/Vlln3ZZZZBF6cSGOXh3nj3yFnPmOGe4Qk7sgyH3CCCz4Edl1fKqGZBBCEFlm2xZ/AARvTgLIWLJHxOuAwyEZ1fnY+rH1Y+rGxiBBBBwHGfxvDw8M8MzPz20vbyJOzkCHEQYgwxBlEOkQhBhhhhhhhj5ZZZMYDA+rb1ab1bb1aD1EGeaIOGRYkeYQhGPXcHxOMss4zqPMQ98SL1e5n4mc5Z8Pd1PlmHcISR8RkkLzWXyCrSeAIIQiyyS05hgQ+ANeL0NpNsh9QjOojOrwdWHqz9cWEQhAgss5yz551yzM8szLMss8ufw814T4lHoiEIQhCEGIQ4BFspQwyhiG2XxCCCyySeADwbb1ab1Gj1EGa7FFndhyEIR7hnL8CwjuDh4CPMuByzKW8zyFmRxnBwnXUzDgkF5XhwCz6kkhsYdwvs+BDEsgjnAILJIZaF90LILzOGb9W+dXg6vBDM6vB1Y51YZ1ZeuDDgIcGWWWfJ+bw8PLwyzMzLb8/fT4VevkTiEIQhCEGIQhqXApSiGGGGGOCCDjOckkmMJtfVt6jd6id6jDPLkQUxK4kIxZ1M8kEEEHJHmLrwONlllmyzxn3H7H7JZPiI8WfXDJJC1f1wfAZJJCEYx0jCMk8GQ5Ask4Ey2ODIJ0ddSs0uk6vDMg6jM6vF1Yeo/qx9QEUhwBZZZZZZZycPLyzNss8Mszwsyz8n/T38V8+JVKcUpSEGOAYiiLgUoYYYYeChjgtjjLOMksskMb6tfUL6jd6hd6idmKpGPF0YmZvcEHuIIOM5PEeZZwOGeDbxkGtlklnVnOciYQ7nze3PgTEkOBjHthGEISSWR8AFkIScanRKnUinV4plnVgHVlnVlnV+UP1ZeopMgg/hfhvL8GfgzL3LNssssvPTz30fLVf1+SqnFOAcBRgiHIDkDhhhhiKUpQw8ERBZZZZwZklpaX4xO9QPqLU22IqEziSTx/VmRCD4PJGUcs582/ABe/2yeEjjxeZ7mYTwcPDiWSdQhCOsY6QhJJJwfAFnUkp8R4ZeimU7XhmWTDIZ6s86s/Vj6s4pCBZZZZZ8c4fltsttss8MsssvCy2zw2y/G66vjak8N9nB+vAfGodkcBT4pByiEIoZS7lDDDEREcZZJZZMSySBtLb1C71G71AjMNyMOE6xOPXBwI+JHIcLKXkQQR1M+Jv3gi/uTr3PBhMx+8Hx9OGHAdQv2h3HuEISWfIE8CR1GeNMnigkMyAeoQOrL1fnY+opCZZZZZZy2xyzzts2y2/BmZmXhlltlllltvF8Kv9Hwt/XgP3yv68B8jqnMP4oBAChlKGGGGGI4FnGSWWWTGZZJttA71a71bb1A71CGLqNeLM4Ij4PBEOSjhvLuWeC8Lw4yZ/JvXBBZ3eV2m8OpmJcvhw8BwMIw2GQhCTkV8XgydxRsSO5pAQjIEM9WHqA9WfqEjmZZZxllnwed4fyZmW2W23hZtltmZZtmZlllLLbxftwfpd5zQX6368r+8X9Y+V0ClKfxFaACHAXAMpSiGPERHwyySSYzJJm1tG71C71EGa7kVcJHBCI5fgReHC5wXfcu8nA4Zvf5PB8A4PDyZ+C7w5SEOUQhCEJJ3oynZMyP1AAgGQSEeoz1GerH1EQSJlllklllnweXnbZ4Xhm222ZmW2ZlmZZZZZZZZZ4P2vFe6/a/bku7zd/H+sc1Jr8uAKU4uvyW7s4CHMh5B8hDwUNvwCyySyYxiSQJb2x4jd6jRhIxTcnjVoe+oPqzh5G930lE+Jepk58oI5fEz5vuIyPy/ubpN4XaeT7vWfXLGEfMIwk4NGA3oJDtMvX/pEZCM/wDSMyEZ1EerL1EeoT1ARxZZZZPGfws/DZZeGZtttlllttllmWZZZZZZZZS2/K6v2+BRZ5j9XRdkUv6cp+nIH6in8RH+Ah8EBFOcpQylDER8ssmPAeQht/ULvULvUWoLsZcJTEk+56nkiPUNrL42U/AXgI4fE7ksmwQQd+L0ffDeEzeU298FwccJeMIQklvrZ/xP9xnIXUMz/wBY8QjIBDPUR6hPUA9RwZxlnOfN4XhZZm222WW2WWW22222WW22W2WWUssssvmWUti/f4Q5XVu37XV64mjgdnB+nwBOF0X6dcO3+Bd/64h8pBOUpShhlDEfI4yySY15mQNueLf1aj1E7DdT/pNLkr2TPBEQWzwZ4CMXi98PiT65O7IM4eDw8p5LmOH8vCEL0Bl/DKGzwbDM/wDSMyEZAPUZ6iPUB6gnrkyyyyySyfg/DZlmXlZeNtllttllltttlltttllllll7llttlllbZ874eWy5z9uD9OXJ23gtOHu5AuJweHmO75LL0cHTxLkOziUpSlDDD8dttt4yyYxmcYMaeIX1Aj1Ej1E7FNSIBJ43gl/u2fE/DzvCOPUz5ksuo8Q/fyG85mJS4HCSSfRMmxXNgGQjIJkIzqI9Rh4hPUQmcmWSfJ422W2222WZZbZZZbbZZZbZbZeFtltlt4LMW22WWWYsxZfXAvyHX9b6Hmuov04Oy/S6Yn6crh74C/ZH7v0ugv2+dHv7cyfIQC4FKUMMMMNvGw/E4SSYxLOHUaRu9Ro9RI9RIpFPXVnBEWz5nzPBERx74Z+7OSLJy8ODxZjgpdygW8EMsYYTNgAQzIBCPUZ6hPUYgsss+LJJJyzLwttststsss22yy22yyyy2222y2228FlllllmMYsxizwHgMPwF6bt5Zsv0ug/hAQAn6cB+uA8L9vgb1fD7w/If/15o+IAUoYbbYYbbYhtht4yTgTg41hR6hR6jR6hGIp6wsiOB67tngghEeOGfM+f3jbq9RxnD31ec8Wb3wCsl0TAYy5sIzYATIgB4ieoCBZZZznO/FnjZmZbZZbbZbbZZZbZi2y2zFlltttllttttngY8BjGfrPExj0mbEOQxDtdHK+D4SD9/AEN5H9Ini5U9I/XNftfvftxbXg/m19+Cl3KUcAxBBEORlnGw8JMTkcAjxab1a71AMHcp66jgvM7k28HAvB8Fm8T549x44zzPFvGZm+iSNGRzZvmwGbMCAeIoZGFsMW2/J+LMzLLLLLLLLbbLbbbKW222WYszZm2wyzFlt4MeBjGMY8BjxMWZ/bkYYhCHxoHb1E/SOWEO0cM/cdvN4bp4uq/Tjzv34/2/wCBkBPhATUGXhKU5GWSSSWwwybwDgebYbcercerzgkYSIt+pd5LpHUfBn+uFvfB5t5b+l5X4ssDLGjGYv8A0sTIJkLHUJ6iLB4hhiN53nbfjtttvCyy2yyy2yyy2y8NtlmMWYxZZZZZbeDwMeQxjWseQeAxhHgvbio+B5thyIcH9OD9I4B8QqX9b9c5Tr4voeHwd8P22vu8d+n8FHh4OP8Af4VFZ7Y50hDgZllk8JJwMPA2HA3nixNsPVt4WCgmYfXHq8cnmD+o8RyzMp7tthiI4btD6IYox4bqMIRBPUZ6jLBHcHAIDgIODGPXK22222yyyyllmLLPAtststssxizyGMW2YzeRjGMYx5hjGMeE8J0mP1nhxu3jPhsMo4JxT9xTiE/SOsU236cPSS/d2+fhj+vIB921+nD+nD4bw9/BDWDEb8OEY4Agjhkk4WbZks422EIhnu2LYerI9WxDIhJnnhvfBHmIsvXHu8p8W/V98faI/rhJHgSgsAEEHUB6iPJAFoXa/UcFHB2i0tt4ZJ422W2222WWUsxbeDbZjGbwYxjFllmPA8DyGMeCx6TGMY8LGvAU8q+fc17+Yvqy9cWTZ8CGGIcQpxT9xDgH65X9eX6r6WG8N4OPxXiui6L9vgf13i7tJk7Nss6gLOEQ87DDLbMss/F4G2Z4G20LQercerN0kTq9/AiI4eFLLbnA9w8DOHeEpKQh0hB1GF0OFh3HUMQgwxLOAx8GSYJ6ltttllllLLb3LLLwYx4HgMeQ8D24MYxrW/2npMYxjWNY8D04N7eBjXg/pw/O8l3yWWWWfAhhiEP1FKQvbE7I/UT03ffrypda8Icf1vGa5PwcCqBqywpYBpAPEQRAgs4222PgzNnDwttvGyzNsM2xaj1bD1dayZh8cZx5Xv4sz4t4L1f+YeA16lJSIdIAdRicExg98UEU4BCEIRbbEWWWTwxky8jFllLbLLLbMY8DHgPIax4GMa1jwvG8TGsaxrGteafS8HbPAe12tnvB539c5ZZxnG225DbH0iHfh/XhL0cH6fA79ro88z476XlOziPgkcYMOoB0WFkRHDZZZ804Z4Zh5ZZ4OBbDbj1eEW45KgnBwH4Lxt4ep+B4hl4kHSzOkQOrBOZ1M2GOnKHAI4ZQw8FsMNllkOTclyY8DHgWWXcpjGPC14jWNeJ42vTzNa142vwtrWte8/uY8g6Z8viAPaLXbsuu3nbbDF/dlllnz22IQ78qQ5h+t+l9DeHvg8HfB7d4tLp5hMe0IdWXjgzk+AfD1LbbLbLLbbMxDLM8MRyYrQerF0kdyyOBHO9y9yz/AN/HYmEO7A0WJ1YhbhL3bLxsTYYi3isJhFDDHwC6vMkxm/EEmPG8DwLgYxjH9zWta1rX9zWvFa17zWPMnE1jXpMYxj2+Jh+nIM8G95ebBl7hiE2HjLOc4z47DEIQhT9/An9r9L9ro88TLD3J2y6SRACGRHPvkg4SeW22bZZbYZZbbYZbeuGI4y0LceoA9WDEWaOXcRH9cdzL9z5+G3mPMU66uos6nV1IYS2wy2zibwIpcBlH6leceeN4rnDbZmF0d31zx+ANeYta8X9Zj1nha142tY9JrWtY8F5j04H9THtMY8X9eBn63l4O17nTx973d7aNsQYgw9Q8eeMsssks+I2wwx2jtF7eLH3ftdnm6J+4VnDZ5C8MIDgQ6iI43juGO44Zm2W22WWWe+WZbbbbY74yIg2y1Ig9RhgmGnXUGRDnC9S/tts8PBMHWwgbCB1GPEQSzPDmV5RLD3yK2HqMSnKG2IcndtttsxeE2EOErUnDjwa14LXi/rwsY/ueB4DwMf1NY/qeQeBjHg7Z/c1rwGfpyrXZ54f0v1v1k73efu3W7WcNtsQhBhhtjhLLJLLLL+rI4IbYfgP/ALLCf/Msv6XSgwgDCMQQWck3vlvCyhlb3bbbNvG2zy222L1wMRwwGMPUQeoD7Jl11b3xv3wZnh5UgOrATAB1FDAl7h4vLljLEIvINjaktbylhHfgHkDDybHdnDJGfEyUJFjNa8Brxej4IMYxrWP74P6n9TxGv6nmMY/qf3NfPuZ/eeL+/Lte10+Z/dhyP+N5u797ZZ825bEGGIY8RDgb+xNh4yS1JZZxnHvjYY+AEBxwm2RAwsQDiEIILLLOVJaS2228ROxe+F4bbbM8uC8Mw8je4ZcHkaRBiD1AF5TsJ1b1MWW23OPDe5DF2pmKDCWHO8OJ4A98GxEQyiPayOe6Za8CsC7PJbbtEcEmJGUSc1El55fABrHgPJGMa8bfHzPG/ef1P74WvWauf1NY8F4rH9Te384e3ztj7n9X6ch5+N79t2tvspnkYgwwxCGohBiDbzklnJnGXv6iGUauqu9jgrAYHUc5BCCyY75Oxu3F5xYmy8w4Nll5VPDeAbYZynljtkeouhYqCCymXjed6kIHcqQjHSELwcXdyPBdQw3TgPDgMMMT0TRjJdrK05Q7cJxDsoYiSSSELDKlEiR5F/U9Piq/rfrNa1rf7zXM/qenmf3wta9ZzNa9Z4rwWv7meS/S/We9/tn9z++H9brnteW2bymeHjYYhCbEIfqIQ174EG28wWWWWWWWd2dkM+5G9bC4y6Zd+IhybLwS4TXA++TZjyB4FxsMwi4TnmbDEIM4beXgNMsz1eISqh1NvDLbBwPMrBsHQhB1ECXU/M54HgbymmJ2Qw8DO3gMRdynPfdldt1/EA+BJLyj1CgkiQsF2a39ODs836X6X6TWvfi1j9L9M9s4Mf1Paa/uY3+08Vr59z+54L188q/ub+l2eeHv5To49rbMzPz23gQhCEOsU1FIPDbbecs7skHPLA76WA5hCI+Cz6n3Yndg21pPWeAbyi97bbZZROjjvwbbeBHwI5eCjS0OrYQTsrZ5zXrzMaIx0jB1dTqUpT8yyzwHM/EQtt6jF24Dket3QLGbPmF4+mI9eO98DjZhHCMew7lJ4L9J/VgX636cI/d+s/uf1PfpmPXpmP6mN/tOPd/af3NRs/qeBj+pjGNavZ1fRP64O21ujzP74en4BffD/DtsMcBCEIUhwTgJsPUNsW2wGgwED1dBCMeIQktlMUmfVqYe+DSef3ZUuGJdcG2zwMRSDwsuUjlSKCXVoo+hM7nuWZFgVkzBCWEMBOrOdWOA9wHuD7v1u2eA14Lx9Eb+La0jDb1HE3JtSwyc9m392/A9jeEHDHKcRpdF0JZBLunHu6vN+nDj7v0n9z+5w2Huf3Mf1MYxX3f3v7XR5n9cW/3v7z++LxWseBjPfgY8xa+Usv7KtmeGf4F+G28hCEO0QhTgH6eBD9Q9/ca4RwniXrH4U4alL1Ldy6EtZWz6tcbLvAi2W2UrZ4FKIcQdn4EtgID3D8xe9IZ6YD7kRtHkZDQY6N0raLOsTOkXpPvy3sT/ADHwD/EqoBA+g7+3qvJf3PMPP4S7wjtdMdodJcYdm3h3cZ60sHzb5aEsh8cSIhv6mSEOoedukHqVT03RftftwZe5/V+k1X3P6mMY1/d/e/tP7vHzN/vP74P64MY9p/Ux/U3T3NaxrWMYstsxzw8v82w5DEGHqGHgQpxLEfdqc7uoughHOD4bPfAcHjNyV2S15rdkg4FttsvwC8ldmO3ErSRsUowRjzLNEomwvshdu6f3JtS/7Mxjp2O1r0WCOljQ9oU6hAyMz1mA/EkS7voZH4gjI0/1bYCZ6bOCxjJ38VG8dpzyfXAtvc9icm3jg8LCfO2LwGfC8ey+pjtuqHOD7IbcJbZcR1Yt+p/WGce79r9r9L9OPTeHmY1vjeXB7+Z4GMfgqfueB/U14mtYxr9JZmyyy2zbKeGZ/ifkRwIbY+ADbB+4b/C7AQ6OaCJWrbeF0nyFpY0iHIE6h1LIZujwMPjEvA8Gy4B8m93N9lrmHkLw8DPMKd9y9Tu29wdKRs6nQ8ULRnysafcdi7D3EerIdTh8k3Y3/qeAq9s5va2+DWNLC8ZHSAxMhPHxbIkXW8bO06h74jrw9sTSW8PCAn+rSWQlhCCMLcBdnVomzHIl+25WxJJ9w5NVdgHZ3Ye79JPub+kx+14eZjHvN87x5e8142vD7zs4K4M1MftLLLw3heNnnJnh4eH+Uggg4PjsPdt/SWxn5HqDo59Q5DdLtbx62xweWDu29JDLSBbCUJdy4HM/EQOY8QjVlPOFpnmB8QvYidAnZSZKBdJS8F1FkgjCBnmUtYt5a7PicyeMAHLg0d5b3BZDHH+oPFNtYDpD8WnEbv0dJhh42QEYHgyCV8SHrbo9E5PTGeD9L9PgF/bgQtDuQGQWxxOhBvV1XfJfN04DFuPUL7u0nxCN0NtM9TuPhv14H4O9fM1ez8dOZ+kxjwLa5N9yy23lLbLLPO3q3jvgIPg8Pwf5DzER/BsN/uv9VxCAW93iZnhthdtnu0nrph02ak3SwMdCwl1bvFZOObpdXrLym2x7uw1Mdl18ziaDOz6LbZsZbDHiT9WqWpgdiBnbe0QBYRPtWSaHdot8wkZadQ7LI6H+Rn+0f11eRL/MNB6J1m0FDvI+yA9j6sGFUmV/7JStNgSp93SeWIAAtx3/AKgedZA6EH0dyLTxYN+sXV8x+ru8xfccc4ILykHyLx4uk9MKjJ2oX+9tA7sXuyE+9g4WF0zt4OvcueJdLxheDEbPV6tjW+HIxjGPA8DGMeDsS2y2y22y222zLPOzbNse9j/qPHDy8M/H1/AQRER/Cv8Adat+WAt8lF9318NbM62sMYS7E4XWztHDuJhdSlO+5dQeLpFIw0gvVn6iOyJcJdIyyZlhqVxr1KXzZeWxu4vf1OsbV2zmyfstenYaLfoIUP7jGHeH9TjWfatv8Z7mwq+ksPdk7sve83ZvN3ECRsymFggZeA95OmkMTEgxHPLr3K2RPVp8wf4/bASHMeR8zII1Fg6NhLAkhXqDOd74XqfM8P8AW7fN4u533awC001mxkfkdh/uvAB/c+Yx9l1RX69zLJWLIWI3QcDs7n9XR2xEth/bevHHuPH3sZ+X9qmbLdpeuCzqZpLb5tttl2W2ed53hmeW2WXJZZbYYi92MzMzM/wvHrkIg/j/AMfZ/wCi6i8FlNvFh/u7gvovMy1O/MLa+J7HBl3G4CFDLSGwy/s/qVgNrF9wgKRgyJODqhjAnULoO5jPo5UYMhkqAtpj9xafV0R1Z/8AtP1BgG+2Q3DuV5dhpPaOSOjjNQx9+y1Cf+0nwtJiH15n83R4iwkJGFW0Hcr18dXQzchtj1MTsG0zw95AR76gBGrvF4yYNZgc7kQ7r3OvM7L0YYsRYlR0qV+kL7IM831t+k0V7mgI+kx24Sn2Y08mDPwbNfGZ1CfUKdR6y1fW63dqMkw2eFs/IDB3Bve5E+NWPXhgPuHq36nY3hEjHl+XjXltty3jZfq9S3fO8vDeI+LzsvG5My5LLjLLL1DHmGOB4mZnh+P9cZ8yIiP4m5/sE/rugurZsbeF59RgvBH8h3xOPG2j94nXks3Yl7lxnQLdSG8ODzWRhYCwlk+p6xEvDAl5ShXY+hi13Y+418wZZeGOnc46i4XHxYPyjtu/cAi2Hkswl4C/L649yD021od+SbHnkD0yF+7dLpncAHeRh0Ms0O/U0Vbnt42Vk+bp8w7jqcB9PUp+CzJtIvjpiLjuEpwZAcS7ElDA94E99yBZ0L1Hmbnm7LtmFcjiQgPU/wACvuC7E9iRGonRvuHzL7S2NflnPgdgRD1m++OLFpMYoAv2yH67g7uYRu/RGwF1sywvFuhbBPie7bbeGbb+vinGXj4Px222fLLLb3LLPA23gth5CZmf4f7+WQcH8Zf9uX+sk6yXQsfWNv47ZM/u3GZZ7k/bDxs/7QRD3Epm3PcWCRAyP7jTzPExLLIBbw8OVvdcV8WbtDtpcbz7b9ID3fpCnmA83co6Oj+7/ItTGPojx1fsPUP7j2Xhlp1qXmyOsMDyluQYGBzvgYncg+Y+4QWOpVqzmfpGh9RI+MY9O4EMYwLoMbIFGF6dQLcP6tg2fvb2YN8wbZ6kM8mrdDuz1sjr7mOiN0YABfqzgYO9hROj6tfA+2yVLyLI9DG/bGk6Dze5lIJB4nx3bY/EY2Tv9Sw4HHpmCPDBHvjOXz8svXwbZmXq2Y8DGOpZZ5C2y22227yLhn4vL8jgLOCPm/F/5cqP5Jg+7pNQ6gdwPCXcF2xPiH0R6g51h/dmO+/6l6DATMienOklzFvT4bIBLLpnZuyB3LkH3aLG8lOtsDb9rosZvTfpiiHxMjzdVR+yGp/bFjuftzGgfrH/AE2AS+zLunR5hEzFg8Qum8hspvM+g3ZH1Cuu3Xg6XkntY735gzdBCM7hTzEkZ8Mu+ZN82x5hDzDnmM7/AFC5Pu1DuyfMLncAeb6mFvm0+737YnbH6bQh8s9DGOTOnjZXT7iW8t33R1Gf3d48fs5V6eNu9vm8iDNPN6G3OoEF7tKV6snUHgyRHxO/6vrNodkPUf6T4dnczZdOXm664LXGNQaGlrsfg/DeG222W3qWY8DGMYxjwM2W236tnjbeCUMi2eHhmZ/g98H/AAAU/dn+sQSIO/lL2iU77u97tyPPb293Z3YfKSdo7dAR75vJ08GRh6/JQDfSD6CfXALLTofcr/5MR3fZiG+bFOv7IzQfyx6YbSLq+yQ8D8nOv99lr85rt/8AhO3wEDw/37h4O/2hJhkzyGFrMz9dCQcfsx2X+DoX9DLLPv8Av+02dKIiCXSbJj0AgHGIyOnnq9pvvZ7eb9p7+bHXerE8x9b35WGd3QNhfK7+7N8wz6We/m63uQPe2X6ebUd2ro3j7m67tfd+tnIw83l7i77lHvuI97LRRKF3XxsYF0EXXd02utYPnb2jkCGSQ86lC7bO2Y33Y3fMa+8gD3aUfZ9E7O15w8WTgRmZAd+79Q9z2RB+2U9cLq9Q6082jm65fo0TbLLaS8nhPwB4HgY1rXc/Xj/aYRm3k6tlt5COCGJRPLPL8jk/nONf+Id7eojNj13xCeG6Nux7jDl7G2+B6j8mSB14tnpg5+zth3BaEsz+JCR0f9ynviNgdZEnWfeWCMW8+LenVbdIzjpP+5idA+JYoMmnWdF4P1lAO/7H1/UPWgw9IX8isWHrwJqfOhOpGwTc9/7jKwT98yUCnQ9CzT9kN8R9amxsHm7kveWgWDplrhd/nqEHuF7fMvpl+5Re+oDWyh3PSANX2mH+4Ofiu7DY/wCuQdf2nElJb7dpQC/ZYPOyAvc++ZxLtnA7m6bdHm7dG7/Nkeb9LX3aLu8mPcq83/iUQSFHdiEN3RICtgEPUOebpjN29sn2k75k+rtKzAHrbvD1YGrI19PsxUQPqH2Cp/q6D9vN79w54i0SMde/uJ+9kZr1DTS/0R6s19iWwmY7ZZfqWfp8Ax+ImteB3NYxm2222223v5kRDFszwzw8PzI5P5Sen6YXL5LDewYK2Kduo7LZe7TG/tuNm7DHlH6ikn7a+48zfEF9wPWQ0nQCPmVErew4B7geoYBfTbNxPospD/c6PU7izOkme3/My7uxqSLADr9bC0bc/qU2drKID2c6+4oOrTyLwNuj2iAee0jGg615J6IRuCdL+WJ8N+7CA5j/AHD8B314ZD2h3t34erpCHruJBhCOi9O3tPcJ7v06lWGq+IMcO8HSZCvXOgEApno6i0AXvxbnpNeryn/qYFg/sf0zndHp+pX2Xe4xNqLEkmrMNiAbDDRl/wAgPch7m77szuXDARjGTiMI7UgR3eZJLePqHMb97T3Ie7ftx/vP6s/E+Ye29b35umLxMDPte/2YHqITWNN3zDM7I6nZsd+ettxCX/Ut9NkH6THy7Lz7H1AOu4qef7t1Pq/7OXrZjH2+QDP7Tx6n4I6ttkcNhYYjnLPkRwPUNszMzyz8j/h9EugPgl8l1HcGZt0Btj7yDd8mx6w+rsGXg70jyHZd3blhDhi9H9yR93TbtpGWPQjKMFXX9fkpnv1dw/QxvEyTNwb31I+Bp5l2eljERKi3eSwMbQPls0LnomE9J01n5dDhoZsNkb6EQHeLqsIYzp2YOwZ9hdia/wDd3Bp9XsRD+yIB+Id7N7Tb6XqRc2U6XhteJA63a9yfd6x19Fkn28sU0ez6u/Xfs51blCvHfo+gsxmXUZ/vIp55JBsTz02MN062bCOvb/1bHuLkqwkXLyVgEjTC/wBEbBn/AHu3/nDJkxmfcIDxZmEiA9zoBgEjPYZGdC2QZMbLJn+7JO57D3CNbq7/APMR4Yx5m3fG3fj1JRM63n9v5FiGRV2Tc08Xj7/6h43/AKkF/wAy7dst8nuTQv8AU99r2N5O+4fufc6hTqyl+SumecspinAx42sf1ya228bw8NnBERxnGcJ8iItnzPwyZn5HiOD+Pz8S6c9lhAZizOhtg7urdtw7sAL7tQTxLvn/ABfZLGD5u3sX7LQNfavcUub/AMZtnkT8swI74YENsORPi1cB5+rr+fB+y/EF0w9W/B6m83uyPN6Y/JON2cO9D7kGMc/6lMYe9vevPuBHoP31YIMMT7SMYbMMLvl7l+QHfXuLbIbzjD6J6ej2fV5r+oq2K0SFqHQloO4PvuMe2DOkurzZb3EHuVPB6lKh4jiAd954k6AHD3fmlzzPSXT2NoA9etk4fZ9Tl9mbl21vXS7CodTX6bR8BxsBsm0jUnTMvoQ1H13r/WCBx9GH0P8AM2Y2jwmTXTwvqZh6+Ps/sjMYcGxP7UxgG8J0jG+U6AOI1LswtOjTplPd7jD+7I8y88z99zu6BtGfAX+j+iKQwYF3MXTsH9TB7H/MjoBPbzraou5KHr19TmPmPN30uk77izzd8/sjKi9Pi1ITPS/AM+JmZmX4PxfiRHwCJkn4HI2sk8M8vzI4P+AQmHxYG+fqYevE8D3woOliwg78Sud9WL37ljfuiMf2+rwFavbdVlLFc7PEp7UbrOnXTbvd2tTUOmez2XWLXVnp5uiAHu7WMK+5lxldH3t8zw/cJh/aA6ZPDmbb5H1Ttb39HiDsp9c8SnkwzOpIZpP23AduzrO4ecv0IH/m7x7P/iHFazQsX+z9MGTD9PGyI/tgFAP7k01wWOJsY+6eMf5bujQkw++2+7Hh4JAHh9WYRSBu1F2fE0N9waBIyIIWAW2K/CQac31PyIaA6AmbQSgjsr2PrCDi697dbXjYoQTO+9usadh/6iYGI4jGONjsX3iWBRdJ5W43TLKTNWJpl9SoSUE6ON+kJU/RaUL17gBqQ+N/3ZlQvpMD/sY/gwH/APebqMk/s2if3B+dwD1/gu3b4szz/wBSzxYKX+yyd2PLQ1bd2yN6bIBu/wBj2DzFm85mZnhn5vGT8CCPgWWSWSWfAj4GZ4Zn5kf8LIF6bsN2Oh3kBN0neWBqwPRxLTG+fd4S9HuBw3qC0szHuXgvCvluibaB3eyNROyHlHZ0/thbifl7XSNR7GwPnf8A/kgGazgRMYs1fqWv+GbO0B9rLzDH6kTufXLp/mB30y7a6tDm9SQO9E/XcfuIGNuwwUsdF89f1dNX/neMv/CQN7G2KdwziLFIXZ4iGY+nxBv8wgnT3+5hmftnmo+rtGdKRcPfUjsD+p/dA8A3iF2slpMlkUAPXnbU0684xGPZ31CFc33Fh/2h+Q8i/wB1RDbUDq/bPp3n3bBdOQZSJ1AToXwZLF0z3IQe3stl2TVE82EcToemZoocCn4n0mX+VCZTZlV2ELse+SRTkxG+4jA9qIgYQprYOExu9JLAb7zh8VhAeXokmfd2/wDyXTVyAtLTsl9dTAceXSy9C+5ph993UNX+p0a9EB/qM8GZmeH+J8zw8EeY4I4CzhJ/g8+Hh4eGeTg4I/m98qA9XXH9jhEoqBsg6PUedMz5c+ryY7tgFg7ObCmIQa3gG6S7y7u/F2Bsg3NMNj6UMIZKJ7vH/aHJB5ev8nGRwHACf2ZBOgfQZdgSfpsm0PsK/wBkSJ+9tX9PqXuw1vv6iXJku9sHHbb1uxCK92EIciMTUdyuAsJuxq+r6t8P74Xsoleo7yzUJ8WvW8xNbo2Sv3LlJIDtuj4xPOQBEcTxkaFdX3ZPXmLyPdj0j/Eoe7wDKHXdo/jsvpgv9+2/sXoyyXctA8GLbrI/YYBAg+VWDRF2hZpbhCsRc303k8SZJ1tjhgvJZg7b6YGu4VVlry8KC9wXdzt+5GQuB22oDzCWZ4er2/r8scwv7C1/VgN+r+037WnbDiebrTbA7bTXty3Cdfljvcu+YHd82Zu+7zLu+WBE7Hxd76dH+ODyMzPDePnvDZPwI/eCIjhsk4fjt5cM8sz8SOCP+EqE+LY9GLuhRvZdkYb42N5f92L1M/KbPc43erHyj026fNr7lzdsgltOjv8AuGHv5FjkCmrD8Y7wYAXdy3R9QP8ATzdcfMqA2P8Ao9l6gRKc/u6ce582QRo5dleoZ4YbpPAn/hEaR+s/8yAF96H/AFaOx6wxLIh5e1jx3CMg1dzdBLPdqPPLkiyfTJZMeGxC2255hvAjDnqBn1dPfUG9rbvYdb5ujB7bwAX2+0nJVSf7uotnu8ePcga7hN+jF3pnJHT8lsXd/bv9GNsknRYQeCn6xAYfboup1r1rn+WQv/GJTWL4/wDwlXd9u0yy1wDH+oMAbwWY+pQaJgeoftg17XtfuwhpZjEL39kup/8AiKdU08bCcd/ok8lD9kgkbeW2XzMB7JE8t+u2hb7ttgrO/wDUFwPdtjoM/kSLM8jMzw2/w5ZJx7siOCIIksskskkzk48uH4PD8SOD/hqSeSEu+7xltQ77tM1nfVsMsDVu/tn2/wBniLBvew4x7bvO48DeARP345apHvos3kbNO+m0t13t97oeKnsn7In9ljickvhB6HySnLbzdzh5I30+eHE839YBA/a+rVge1dr+vf8AmNmvQj/qPSazeh1LDSeR0/p82xUPOv8A4/8Aq80NAz/J92x03edtNmzNgNV/C7/HGqj8Pf8AvIK+35v/AHtjPuBf/qEsOzDv+f8A4vJ+hcz7c7P8luHluoPkuzHssJpL5JuhJPd12Xdua57+HuJZhktk2XOpgZYe9vv6Yx3PH11dDOpvJyL262iNiTuVrcdH/uwzXsPT/wCwIIjNev8AqRAdfv6gA0r3di/a67r9DGPEbsJ5/uKqS/hBMfVoGMoncDmSmd/0Xlb9F4tg66sE6Hse/Uv7aF/7tbtZgOr9xIdLtNkeQlAo/ZZEFr+5Br2f7gDt/d2E8ZZvXn23W2677hRubkPtu0D2wguna/0X/dnkeDMz/Ec+eM4DkiI8QWSSTN74J+Z4fkRH/FIKxsrTuUWTfMLCfpdvc8TuDeR2AsNOg2W3MhQ1vF3YeW8BuwoGL3NgwNTD3dD6WvvvbwZ7hZvrzCV3y+Jg7nQdO7qN6esLqDd+onWX8nP0fUQPuMDROyZcdP8ARGXbSTXHvPT/AO0MwHaeX7W8T7k12XT2SAc6gXiAMbSdhS8v2M3xNTOv/t+WJezRf5WX/wDbLNg6xR+j6f8AcJ4IQSE4EnSJK90Rs/uPT+ktx+LiQvhulJe7zunpnv3IV3Zk9+p1n4h9F3N4R/7upHvgQmfyYwdRnve2P27B9xvexg6kIUtUD58dsvZT9fEeDFfWRAGr78XW635AgYzEerRpeUHsmtr/AEy4q2+xfZdXb0H7IZNDb62PtDdYzBN19RwJxWydU1cU8BBf0L92gT11GqXeh+Et2z1EZF6fJvi6mlueSbexkECCbdwlPP3En2y6Oy6D2xWdOp9Pq/7M/APBmeH+D18ciOCOB5ggsmEkkk/DynlmZn4kR/wT4HmPS8sdXtu7x6ZcOQ9qha5BPZvmH+2QYvrTzMI/fm63doHcWebPYfbAYb4BnDVw/WXd1l+WwsDHSf8Au8VOsvKNg9eZgu5GIXj6t+2wNOrX21tdcCXB7NGYkmEOmIT5/wDlL6mPTColgCklEP8Ai7/2RKOS38QIgj7HrYGvy14Htfmdwu0xR+tfz6LwjEB7g5wDpO3EiZn7Q9IuuUeSMeY13rP3g+7KFX/+++f8Rtffax/lyzKvZhP+m0z+44/yeZvJl9P3CdnxdHTeLfJIDfreREAd7P6k1iQk7KG+t6IH+4QAi/RYAGPuyp/weIcDt5gBuNhZwJ4m6BEekuoXrOtYgjrof0vtYPuIPMhLyz+kACUCZ5h3owyF6doBrBiHq7dtuz1Hh+rvG66STAfD9zbh3/mY7PfUQCV3uNJ3xGHVgKvcLx+IeX3eB+r/ALPB5GfM/wAnv5e+SOBEcZJCSZ+DMzM8vDyR8H/hHmHWFsdIvuF7tHq0DimwsXqEEf8ArfuR7duywAt0HcCO40R3oGVAQ/qFjf6Xh6vO2INXu3J5aPyyON0HcYsb2svsz5ba4ZOdXY1hYYNxpuRyQXee/bb5PU2+bPITNYiC9T4jCs9wKl06WnhFJ4H7xdMuxaeIXPuTVhBkoGDM6VmeA+H/ACf+LAEf0hu8P7CxzWdM/wD3/EM4e8NB/PAusGB9EQCQzsiuIePz/Z7v6d6B/wDfy8GNp7k7Hj+7Uf8A9jJ29wlF9pAmzpDyszXgJ1jpZtov7FgvL6ul6fWR5079sPlBPVm+rrtlCU0+4U7aEgYL/Ub8+5x8zdsEIh3QI9HV6mURVPyO2zywhA93csb3YH6i0+5M3XfcHVU69e78ggTtg87Z7jHc33fXDOTr9P7fyRgCwD1Hv/L/ALszyPJ/kz4ZH78DkIizhISSfBnh+DPxOT/gHwPJDTeaTbvgFmAjZlX+VnFmeJ6nXZ10+xt09em8fcKnfc5HgeNkZj346g+no6tWy1vURQA1l8OXP6QAzZk4jdJaf1Z+MyM8N0P3dLj3GOdrAJmaf7ZZE9ZLnV1tbI830dwuxeUfMO+bA+bEn3dBddjiXf5t7rackigD/DsP/Ej0zvxkvIQT/wDvxEfLAMCYHd6Frem6YfD5j3riJ/2Wg0/9f/sujtJEDdPq7vmD22xo36sRxs97kbC52yKAbGH6szPM+MCczMf6jej2+J6sf03eGD9e5/IsVwdzwS9vefV3jvaSb5hO+AuyF+RdEOi7+yB193mfc7pbYS1Vu2ROe5gt/wAyIMDDYZ3/AHL5Vo8zu9x9pdB/5ske8Pafv3DABgeiXTD/AF3+fszweDwZ+D8vUfwkchxkkkISScs8PDw/Mt+T/P5FseAYw2eTdWL5sIh+w1kfOm2QX7YHpPXXdoJz02hrevJe1dWE8Pq6+26XuzKuFqaA9Xv8sEnRjIEfH1GDu8vzjd3m6btdZgn0RAHq8ZdfU10N2gM876JvuA9yrvuB8T9V2+tl0O+dO3mP1PJBkxc0Qm+hrehR4gDAvKfMHEfQifMGeZPaHsMwfsZdA/p9Jecz6+z0/wCowd32JymTzaiDGTVf+o4ATPp/CXJHPuegd/d0MOZMdHbJvllCI9nosU03yWBvlZYBnuN6fV0HXa3i+HPEM9xO+QBZDu7zubKJssCW6sS2Vcul7tRskWzeyyB7sjqpenPW/U4OuWai2TMKvokSN3n/APGR07O8dv8AbITq6FrIb/Xf9mfgGZnh/hP4Tg5COEkhskkJOGeHhmeH4kQ/xb/AceKOn+o+byvdhypj3CPdmQJEDrT6vqcu0OtnQei/e/WSjAO1ZtCOnXf+IsuwtsmMWGuXW9xoF8NqWJ0xm92ZmxqN1qqb1dhg+0tI42JprE9Cw9BYlBxHFSnifRKN0cPG8pmXADD4TE0N0P7b9QRBgxodi+7TvbrO+7uYxv3YeI1mwzguY9oywmwcrJr3eX/5EO/aNn+jIzBn5u/+ZcznSif6YoO+j/8AFj8pohiTNPVpPr6sua9ERR//ANhWB4htDKtdX+4Oi8TabIX/AHGH0ss6AZKkiroDvZ3pmvAfl0oTtfErrcJgIQ3zu0Y9rL3dD3Zru2e/MgwB/Y2MBrt9D8hsIZXXRlqj7jpfe+p4LrLoya7Y/kM/smZODMzM/Lx/IcEeeQgskkkhCSzh4Z4Znhn5bwf8HxXghwfMYjBEcnmWe7o8yvEK0ZPe/qxBP8Lzwv6nDEP2sJncnodBEeFO7Gqah+/duMsw23AIr/QJk+z+uCC3A/oyvWfkbX+rGxTz17QowL2iAQ/JkHwof3bQcBeEIWxxj9RqNTjjS8Wxg4P1sxov8Ibtpnqxw/smQLr0Q25P2SQfJt1xXjpjJey0kZHSF1+9jKLPD/sYTCB+r8ZBhGE8GbMHwnZMuquksqNPKEpCf2cR67d+42xdjsm23Ru6jUBxeXW1/wCoN0+g9wRUdjr/AF9f4j6zRevq6S7jbNNiTq70Zie7F+23d1Ktge7wFD/XfwXW5QDD9L5f6tbkgDvj3N/W8QvEugungSR3+thh/szMzMzwz5/gP4cjg5COMkk4E4EmZnl4SfnsNv8AwvFLpeULo25KunuXwdeO5cfif0kR1b/Y/ITj/q6JH+i64PUsZYC6P0/7Ykx3tnf8GXXYXsCweAPwguix5Rmk1Y35sBw9fmH7kj5sfcL7i+4X3A+4EMN32hdGN+41abNhhfUl9RSG/wCLZln0ERCHvO7Z8T6gsQMiLao37hcBflAmOZ40PkvLz/Eana/Ix3t/LsA/ybDj1pZ/W39zdIP9Qj/1RB0k1/p4XH4wdmQgZmZEOBIX8nUHl5OrXrbHO7E7Yey37j2Wwb1alqKvRZ7j+RukBt7fqy7gM71X/wAhJPWTW3ZbtIJhl4LxI6TXV3/pv+3PIzMz/AcfXxOMs+BEfAFlkl0QmMZmfg8Mz8xtt43+Zdl0buQvOYLUJfEg8SvUt8pH03c9v9Qzyv8AMQCKDBHe0HWmEAdQDXxLbva92TvyxAbxeQLIXZjB4bI82b5v3svdl7nPuEe/+0DOkGMbx92nuD7n9zeq7wA7kbCcNoZB1DiMM1ZiAWJFKv1GPAQOR2Us4bDPGfQllhgJx6Mkh6SEwEtmp14j409oeIHoxvuUPMZ5KRDaOd7Hg+PduQeoVBsZ/wCIIgWDnU0P79EpNHXbT/Etb2fuYTpulpYzoLYhsnjr/TLf75mZng8n5M8eY8cnOWWcHBLkOMsk4HkZ4eGeH4vz2OW23+EugvGO8fdtiVfEwTraTMhOs3ediPUn7BIGBBCDq7TrNsRMPN1x2vuxHBFDI96uzzPfpuvu/a/SwPN9qyZgY4wW0wh2QObiJPN9TH6s/d+sEHcGO4B7jXzA+4c8wsjLSROFNugYU8yDyuvPH4I47NiPIdjvOJttvHR+HlsGyem63x1FjRITXPKZV2B5G1PMfWtmgfpvUkFzen+4st6ugw9r6JqPpVe/03n3Twe7fCT+kp5LUXg6sMvc2GC8p5/Xf92eDMzMzP8AEcEQQc5yREpRHGSSTMnhn5vwf4dt53ned5OBdR6t7tOrQOrXOoeuoWdQ+CBPEIutYA5DnZ5jJ0RDF+2e17fUEP2C+yeuQT++Dp83V5tF7tF7nHux9xZZb3YC7PrubvuYHtl7mMEiMbx9zeMB8srxE55gDtglmR/cZG4Y2+d37R0gfcaeeHSeGLFzbLzu6rH92r5sM7j+7+9+t+9+sj7gQfuD9wWOLsu62ti2Xu8Jdtxu3acg6bDGfenuCUAeGydMMfM+dj/MDgPGcB+VgZ1+wXV/4lYI4e8hHiNesXX1Y+CzzqXRAiwnzmj5fU9b9mfEzMzPD8X4kRERZZnDyR5iWSjzHi92WTMmZ8fFnhJ4b3P8x/BmRjswjbdp1aZD11EZGHi8S8CDf6gdmQZBd2/+bwIYc3q8N3zOg7k/dnby8xem/Xu6PN5L9Zj3PTza+7yd2knd0NtUplnd+0pnc+eZiPZIp5mjF64w7wQ7Bs6Au40Eb9ok8397+0/q/WB2hc28Ix382fu/S/a/aTEPuD7svhj9QPu/W2923uP3be/gQsvKI0ZbCe5jMBIiBl5qJXGjOChCwMOGFf26j+vmMHRCOiP6gFhanIgTxLxu/Nt98Ianq/bHgszMzMkzM/M4IiCyyyyzk5HEZEFllkzPD83h4f8Ager3HwyLMg7t7URmdWDxP3fQxYcPVCSb+cDR8wEd/wByFYal+l2Zs47lB5sC6fMGebUe7p82Pu7vN+lt7g17hfd3GB26N0/qwhPcZ7JAdwSO+HZTynPbKeU9g2YW2dMwBYAd30t4HePf5hCVDIS2mc8CO3b3Gfcd/NlmsMImXhsYa9wk6YFm/uLqa+40837cP6WN+8bfPE0397N+tod2kWxtLp314t7D/UDeWfZAsLJ0Q9MGJB5ERoRfVkY9XhvYt4tIXVtZTMzMzMzP8RwREQWWTZx74OClKOcskmZ+D8Xh/wCMTwWwleB+TCABnD0ZZALxWJ58X3LCeb2e7+8sx++rHw2r56sZXd5ebp83R5lzzdL3O97vJrC42I3u82N5ebv7v0u23cijpI+YzPbCUe4WebwNvPpL5YMLcgO2JQR6bs7Z0NNnu4waRHRAeCcEerxdkmglGMj2hPcp4b2b/U/dI9zO9yvdTgDvub7lU7mU7ug7vD3frB+433fpfvP6tnzeU5uq6fM9P27YZ0GWzpAB1II0/tmZHq6bkdnCDZQn7XZ3I8tgl4JmVvfDLMzPDM8P8REQQcZJJZZwREpQxHGTM8PL8Xh5yz/gHwdEY4++PCyzu+9Yh28f7aeHqz8MYefFgfJdTP8ANpH6vX9yDrE+4Hg9P/UDPPiNvn9sh7np5u75t/dg4tj76sHdtfdg6vLe0ZO+534bR7vPYIXqxG7nmmPorVa/F0TqxMQNtPdmwxygQwOeJ43TbKfMSAbk6ayOtvsl9qS3b54OplPOVDWY9zD5kc7sg7v0jp5v3v3v0hyF93b5hPKd+7v7sGzPds9M6XfsgbbTZ9SyYXnixsXqdL9wR82gm3fBnmNAbV1sUz4mZ4eHl4fmREcDg4ySSyyIjkUNsPDM/F+KWWcPGcZzln8JEcHU+54TpY53Yvm8Dbq8x/fdgnfV2+8jod+Lci97euSYEdi3lPs+ywevHmJev82Mzf6uvtveM4e2f1bMKeZce5fu2nllexn7cRRu8MlDPZLkAVndIK1sLxceyWRdEe0+EKBdT6jYABLxOxkBbdyOjxNYELTrqPfhOalcmna2C30G7OXS/S8F1+7q83627zeDu7PNh7v2uvzH3T90L7hzzZ77tyxC+W6DWflhht6Ix7YX3Bnj7jNiO7B7bzUYh21PPUQ82Y49x33iA22zfubZnhmeGZ4fkeIiOQiCyySSSyyIjgsiG3gzMz/EyWf8IiORi48B3v3mPcaWWtsnTLrGPPGbDvVsx5MZTosTuxhJv+GHxJv4NohshDvuffPV+viOlt4lfdknHbptbs2h4T6MdrdnB2xfnubfRzxjEhHPJdyJ4ug/UxgeXOF4BBzZmQfcQT3DnmJGY7AKJQLYIMxeYtDzIPNne4h6IdRtnllL4L9br83s2zfNu+bq83R5n93R5v0v0h8bYuuB5t7/AB32y7DPXFgC2VhjAXzZDuaQfClo4P5JrjgWHl5tzNv0iTzbW+rJ7iz/AC2H7PB4eGZmZn+EiI4EQWSWTZZHBKGHk16mZ4eX+B5f485yyOCLJs9Fg3fApHTo7vMN29DCDjK+7Z4ZAVcsIo06jIXE/wC4ii/qRE0kTPP/AKv2jYO9zl/c3jYQ5sdfN0ebtd7Eeof9ztvd1kLp5b3fd0fQnTUvwKF6ZLMtO7PzeyBEv8unjYdXXfpfvfvfvf3v0jPLFj3DruLUQbFOWTN9cLOPiIebLH3dLY4OHe2Pu+9vDzaejdcdfMv3P2Y/fUB3t9DI+XzGIRrIzBn/AHGGaQnT0i02eh3AOj2yZg9e7Xs/7lBBvjW2O9Z5PqQ9rbre5/Xd2dtu+bYJB2yIZmZnhmeGSZ/hIi8oiDnLJLOMs4IbbZmzM8PxfnnGWScZ/EeYOuSJ42uFhp1eXDO+4+lomtp9xuz+yufpL2MhYPZ9l1XladJl3MZ1aeJJTpu53fmFhbOuoLu7OnxeEjZJqz+5FNqa66LFdXudRwBGJ43jZ+ZL4nFjCh+4OhjQ7g+4/uLPMH7sfd+tkPfCd6YnG7/cBbJurwXk4E0FhhDPMfR4PARJz3dyXfMx7hZ5jPuf1b+5X3J5WN80Tz+W8vbzt0xQIZ7PqIdqwwPb+w3ofEI8vjuXO9H2wsDDwfv7ZxwTuaPTbTgamWHhhJ3KO/UiO9E8M8PLMzznzOCOBHDIskksk7s+O8F4MzM8v/Bz+A5IiJeqEHcaiu7pHdGzOPJZvDp2Fin1IQAP3APXlKm6X2LT+47Idd3bg/HALxCagLQOyX7M+jg/McBfHgDLSD3Hqeo/UH7ht4SEMx/UDo26B2/W/e/S/vK+5AdhiOrDbHR5jb5uh203qx9X4cHZOb0Gc7jfMH2j2ukTVtdRiHCmN103qcWAXUA6e5LXx9QH9fUj9k+hnFV8+IXT2wAe3592zC4/Ji2z7ZWiy1Jb93Zg+oZ29QA7jbuVQepnhZ4ZmeGZ/hOCIjzHA+GWSWTMtssttszwzP8AAcZ8X+c4IiVcJR3ewsNoXJw92WI2X9uAR1+NvuD6O7rwO4089l7CXp83a/SC8eNtwivb9Hm6rI+20TMQhDUd47RevrgmlocbH3OPdl7hJabESfSNYKe2cAB/iZwycxcm9sv3frGPck93Xike2SjrJ5ZAdzObPE4d3S9Xe9Q/XxbYHwsj32WV4M14SA9cb3Db35n6Rr74GLw2TPEodr3CzCOtWw+Ahvb5jo+1rd8F1OvP7Pl9/ct/uvWQfVncdSkTDcZ3z1wzM8PxZn+IiIiGIiPhk8My22zxskzP8r8E+eWfMiIiOAe5T3fpE8DNsSLZZ9z9ZcF6epEt3x3Ch3bFz/UxO4/UB93X3B9P4Hll3/2cey8A7hvkgRDpAiGrOvFkO4aSj7oAFVt3z77IgC+hIC5ZBJCZEPmyeY34hPcp92nuY2I7NPEg6Rch1bjlm8923d4nJPXhRNXal4NpdU9v2BNG/Fqsoe7I+j7l7B1If2F172BY+IGeG/CAZ7ZewWst88O14CQCZJGTNu8szPD8WeMn5nJERyEdfFllLLNvwZmZn/iHwPicEcEfDX1AlPN+0b5gp1diUkPF7hC+Hct7yKJeAwH8ug8k+SP93hhbq+n79211Kvthbfu7OmCIO7PuzqCyz7s7k2EOuLpA1u0B9bCYFo3ih1ZMTYckIF292/Yx+rP3FnmZ4WTsG6yCKLIjwiw+ru4MDxd5j246+o5v09fTA9UI6eoTx5mdfH1eP9Tpg8f7kPEF8gnt10T7hdsC+OMPXCQxhftK39/J4Z+LMzL/AAnBEREMMMfBllLNvJZPiZmZ4f8AjHwI5I4PkRu3vL9oEgPuHVtP0mMRLfsxvu7T1u/ot/UL0Rp3OoXkQJ4uxH2ss/O4E8x+W65J3ZIWT3FahNBjQM6gGQiMIVGxw3jz2kV0mTFvDpuyS7t1sd7SM8vFrACd+5298XnGoOXPzPXs4SvNEvqM9FJ7vGw6j9EvOgkfV+2f0W72rfZf7kWMvjmcEWcz8N+DPDPxZmZmfmR5iI5BiGG3jZZZW/EIJmZmf+Dnyzk+BwR/ERew4yxZs9pjHvwCCC7R65B9lh66lPdleogPqNN9Nmdx+WfRPXbZb+0mebOTDcIF5rADjx9zgujzamt2V2LPhV6dRvXlAJpB1ZeYnxmZ/V0yRzy3Y21WWF5TwXM6msQMQGe2xt31MKme35PSZ4Q6k7jgC8S5ZHmV8S75+by9z1w8PwZnh+ecHBERDDDbDbLLKfgEdImr1MzJM8Py8/xPPg+BwcHJ/CRydNmm20A+Jr+Z4Ol2IgZYfUn1FPJO+xjTN3+5N77mPi/uNP2Ps82deLOrR4sbLB+rpE2LO7FjuHPN4eb9os82492xh5Zdz5LDqUOnTMsgDzbD1wHCL3PXCXerw78N9zN5nAtyR6ljhHbG4kYdSR0eoRJ6yenBGngTIYA4UXx9x8GWXh+Lw8MzM/M4I4IYYbeGzFlt5CHAERkmSZnh4f4H+Yjjze4Ijg4Pj4j4KjW/WZOJBPaTqy6u/XA7kEj3sF46IRGPy193qXIcLR7v6bfhZvm1duzxYZlnC5lqO7w9x6bInm8vd9i2XbRdTsTRsnTlG+o2CN22GwTrxAHtu7hwBkQis82924Xb56llm/c9rMI5/caO4N/8WdQk7h2y9QfUEEMthesnV3jfgfF4Znh+L8GeH4nBEcEQ22y2y228hwCCCz94ZmZmf+OQfEj4H8hLEPcdb+1h9wH3PTYMWEBIE42PchIwwfnA/ZGHuz9hWWWhOnxH+swbr1v3bgkweZ/uOnmV4sids1fl0liu8vi6HVrhGe8B4YMu9kB8Ns8RHW7EsD94FM26e7dsLv8Aqfo6hD2Lnm+nZnzXtv1//loS6/kpnxP1DOVLAb18PweTjZ4ZZ+D8mySZ4z4HJ8DxbltttsvwDgEILOWZmZ/5J8CPMR/Ju8HGxFrxtrC+5PuC9xGnuIGv2tfdrfLHfAH1AfRYsv3AgF3HnV/j3C3TzDGukTmsvaRG4YRm2U8zzpgPdpjEM7seuTwiaWG6J+lgg3sd3WFo6jC0/wA259SvnuRa/wBE+JqyuJ+Z/Vt4N/uagd783hJ9+JzetmL1dkN04sfpOp5f4Xh4eX5MzM+PmRwfDbZbbbYiIIQhBHLMzMzP/IPicEfI+J8D4DbEREREREPAvCIiOFT0OEcyxPCxhFT2RHpx+ob7sPTGntA/zwnRC2mGLTxHX9vDgnZDNQ8KS7JGPN+kPXsb9bDh0X+FODttkcMPuz5snV4GBZnltC8+UVeFeXh5f4N4Z+D/AAsyTwzz/fJHO8bbbwRBBDgCCDh4Zkk4ZJ5f+LnJwcFlkfyD8N5IYjxEQ8EeeQvGIjj1aB86vCFszwCN0N0R39h9RZsYeu4f9RPie56nmJhZ1+wb5s9WCO8zXrJgHqQdlowUYG37h73L85fk6uzxafU7P93eybwz8GGZ4X4r82f42ZkmficEWyy228kEHAIQQQWcPLMzMzPD/wAQ+ByR/L64ONi2OCIjgYiGGIl1wIiOPB/LtnXjj7PEQb+s6skzzPIL3r02v1drRsfN0XhdbrCDaSmdwnvMhO2Q6C2r4yXfZYyQ3eBWG/t18XzLMzM2zPD89+W7PD/Jkk8n4EctvxIIQhwCEFh8fXDwZJmfE8Z/w/XwyIOQ+B/EfMiIiIjglHIcDnIH15hZDrgOKszT6/OXb6tDAse0LORn3Ynkv8W56vwSvqfQTGey3fzsj6sfVi8E636vE3u3vjxb1LPmZmZmZ5eHh5eD4rw/yJMkkk/A/hCCD4ACCyCzjOHhmZmZmeWf58s+Bwcnm3v/AIG28bEQxDDbwQxLuJT5B4JNMbdpG3xO5PqTbr6s3R3aj7Oww42bbbfllnAMknhZ53u88P53L3PLM8LPDPz9x4+H987M/wALwySSTyRyc5xkIQ4BBCD4M8Zw8M8MzM8P8+fI5OD/AIexHBDwQwwxHIcMZEcbwm+Z+v8Apg74sMp8Gz28jDb8d43k+DMzPG/fPiZfNtvDM3q2fk8PwPg/Fn+LJkknhiy9/DLLIIOI4AQQQfJt5ZmZnhmThn5F65znPhnGWcF64f8AikcEcER5iIfgCH47/PsfH3wyzM8sstv7w8LMzw/Nt5fhs/B5fkfFmSSSeTgkggsgjkAQgiPg8bbwzMkyTM/F+Z/BnwPh75eN4P5yIYYbYiIiOBwcPURxtvG287/Dvz3llnhmed5Z4WeH5tlv8Dy/wnxSySSZODgsssg5AgQQQcnybeUmZJmeHjvhn5e+M592c+58cZ8i83iP+GcERDHI+A84523jeN/i23+Rnj3LPweGb1MzeuHh4Z+GfJ+L8jg4ybLJJJJLLIIIIOByAgQs/gZbZ5ZmZmZmZ5T5EfL1z6/kLf4N+ZwcEQxDDdOByeUR8d4fnvL8T4vDMzM878GZmZ/heD4H8T8CODhkmZJJLLIILIIIQQQQR45PhsssssvfwZmSZ4Z4SeH5EPPqDh59c7Lbbb8PHx35+/hsNscDwRwORRKWx+8bbbENsfwb/G8PLLL8tm2Z/jeXl+D/ABkRHGSSSSScDgCCCCCCCyCOd4222WWWWX4MkzM8vLwz8Tg48cfv8O8kefgfDf4Tg5IiIjkOBEo74eR3jf8Ajv5Mp+G28vC8Pwfg/F+Dy/xnJZZZJJJ8AQhAggiDg43jbbbZZZZZZYsk4MzM/B+L8DjY+O3rnf4Tk5JjeD5HHqHg4IiIeBHAY/IbeW/q3gt53j1bbLHz3ltmfg23nZnlnl+TtvPr4Pw3l+DwRERHGSWScHgIQmWWcHy222WWWWXhjjJJhMz8Xh5T4kMfLflvIcHJbwcbwNpN7/gIiODkOBERNtll4b1HBby8bxsP8Dw8My5W2X4vDw/B5X+J+bPB8COBFllklnAI4MgssjgZbbep4W2XbZmZnzHKTMkJ4eGySbLPnsR8vf8AEfE/iPgckRER44KOAw229Q2tvA28bxtvC28bbwXrg+DwyymZ4fjszw8vDxs8eP4X+QiI4ILLLLI4Dg8LLJOGeF42fMszyycnLwZmfhlkkk8vzI/l+uD5E8Z8yPgWxERyHBRzvwGIhh43hctti9xKOHzwT8VM8PwLxPxZ+Dxm/wAz8ffJycEREFllkETLLLLJLOGyz5ZZZwllnwJPmSZJPkzZM8PwOD4HPuTk/wCMfEiIiIYiGHjeCeN42PENtvHX38NtlD1HzZdXlwZn478nlnh/iZ4z5M/AiI4Ig+ogssgjkZZZJZZJ8HjLLLLJJJLORMk8GZn4MyT8H5Hzb1wcjwceH4b/ABHyI4IjkGIeBt6thtjg4L3eb1erfieIjl+Ky7PLxsfHeXh5eX+N/lIiIjxEREIOvhkLJLJJJLJLLLLLOGWTMRFkzwSZ+ScZJy/wHD8cs5+73wfwpwfwnBEMcDgRHBbHGxENtscvv5HqIj5PBmZn573PwXjeHl+Hr5vzfkRERGZERHyZx68TGJJJZJZZwyyySTODwOXgzCfmkkknwfjvB/IfAvfwW3g+XqOTuPPBHA4Efwkc7FvxOTxHJd8M9EzM8s/DbeXhPkT8vX8D/CcEREeMiOo5EcP7wll4vdgz9ODGZZZZwSSfHB4HLMJmZ+TMzPL8z+TY43nbfhvJycHJFsRw8uBEfwHz3jbeTgjnZZe5ZZnzM2zxsv8AG/DP+OcEeIiIY4JS0+DZylndllln3duRGWST8QuWckmZ/hZmfkcFtv8AwNnjfkckfAiI4EcCIjk+A228bxtvzIbeNtll4Znl+L8H/gvwZ+L8yIiI4IiI4A7x6t4Ocsssssssn8h8Ay+pRw8BMz54yfk2SWSTZJZ8D+P1e/h6/hI+B45IiIgiIiPltvGwxbbbzvyONOG3q2WZZ4f+C8sfvHr4vGfJ+YRwRERERbEMMQuw8efn6nx8CvCXJZyEzyMzwnyZOE4zjPkReucj5H8Z8fL8iI4EchxvDzvJbzttvzON49y98syyz/xvEzy/B+D/ABERERwc7bbbDEIOkMMNttvO9cLL/cpeV8y4niJng8GZ/gZ4bOMs+I8bbxvL/wAE5L38SIYiI4H8G8DbDb8X4HGxxvDMszy/Dflnwf8AnERwIiONt4222GGGIJbxttttst9EpZZ4KDykTJJwZnh4fiyWcPDw/AtiOX/hkWcHn4kfAEREPH98bL8j4HyPnvGzL/GT834P8Lwzy9fxEXhEHBy8bbDDFsMQhU/Dta9LZe5ZeC98FwOGYe+DP8bJZwnCT8SGHj1x7/4BEef4CI5CHgfHZ5347DxvxPm8v8ufB+LyzB8N/wCERdojuOcmyz47bbb8wGLbLMvBfkDMODPD/A8ZxklnCSckRD/zNiOCIiOBH8R8dtj4H8G/Jn4b/A/wPwev4n+EiIiOCCyzhllndnO5bbbbbybbLDLPJe5SlLh4DgzP8yTJJM8HAxHyPj6/hP4TgjgRH8DfgNscHBblsNttvJw8bxvLw/LbeV53+J4znfi/J+JERfiIiCyyyySSSZ+O228by+ZnxwXkfA4Z4PyZy/wPGSTJ8B+T/KFnL8jgiOBER/IfA+A/Ebfg+L18WZ+b8c5effDy/wB/8QjgcCIWcDgYkkkLOM588vDby3hN/9k=\" data-filename=\"download.jpg\" style=\"width: 968.094px;\">\r\n</p>\r\n<h1><span style=\"font-family: inherit; font-size: 1.875rem;\">Our Mission</span><br></h1>\r\n<p>Welcome to our community! Our\r\n  mission is to bring together car enthusiasts from around the world, providing a platform for sharing knowledge,\r\n  experiences, and passion for automobiles.</p>\r\n<h2>Our Story</h2>\r\n<p>Founded in 2021, we started as a\r\n  small group of car lovers who wanted to create a space where people could come together to discuss and share their\r\n  love for cars. Today, we have grown into a thriving community with members from all over the globe.</p>\r\n<h2>Our Team</h2>\r\n<p>Our team is composed of\r\n  dedicated professionals who are passionate about cars and technology. We work tirelessly to provide our members with\r\n  the best experience possible, whether it\'s through our website, mobile app, or community events.</p>\r\n<h2>Contact Us</h2>\r\n<p>If you have any questions or\r\n  would like to learn more about our community, feel free to reach out to us at contact@ourcommunity.com.</p>',1,'2024-05-18 00:59:16','2024-09-17 16:49:14');
/*!40000 ALTER TABLE `pages` ENABLE KEYS */;
UNLOCK TABLES;

--
-- Table structure for table `password_reset_tokens`
--

DROP TABLE IF EXISTS `password_reset_tokens`;
/*!40101 SET @saved_cs_client     = @@character_set_client */;
/*!40101 SET character_set_client = utf8 */;
CREATE TABLE `password_reset_tokens` (
  `email` varchar(255) COLLATE utf8mb4_unicode_ci NOT NULL,
  `token` varchar(255) COLLATE utf8mb4_unicode_ci NOT NULL,
  `created_at` timestamp NULL DEFAULT NULL,
  PRIMARY KEY (`email`)
) ENGINE=InnoDB DEFAULT CHARSET=utf8mb4 COLLATE=utf8mb4_unicode_ci;
/*!40101 SET character_set_client = @saved_cs_client */;

--
-- Dumping data for table `password_reset_tokens`
--

LOCK TABLES `password_reset_tokens` WRITE;
/*!40000 ALTER TABLE `password_reset_tokens` DISABLE KEYS */;
/*!40000 ALTER TABLE `password_reset_tokens` ENABLE KEYS */;
UNLOCK TABLES;

--
-- Table structure for table `personal_access_tokens`
--

DROP TABLE IF EXISTS `personal_access_tokens`;
/*!40101 SET @saved_cs_client     = @@character_set_client */;
/*!40101 SET character_set_client = utf8 */;
CREATE TABLE `personal_access_tokens` (
  `id` bigint unsigned NOT NULL AUTO_INCREMENT,
  `tokenable_type` varchar(255) COLLATE utf8mb4_unicode_ci NOT NULL,
  `tokenable_id` bigint unsigned NOT NULL,
  `name` varchar(255) COLLATE utf8mb4_unicode_ci NOT NULL,
  `token` varchar(64) COLLATE utf8mb4_unicode_ci NOT NULL,
  `abilities` text COLLATE utf8mb4_unicode_ci,
  `last_used_at` timestamp NULL DEFAULT NULL,
  `expires_at` timestamp NULL DEFAULT NULL,
  `created_at` timestamp NULL DEFAULT NULL,
  `updated_at` timestamp NULL DEFAULT NULL,
  PRIMARY KEY (`id`),
  UNIQUE KEY `personal_access_tokens_token_unique` (`token`),
  KEY `personal_access_tokens_tokenable_type_tokenable_id_index` (`tokenable_type`,`tokenable_id`)
) ENGINE=InnoDB AUTO_INCREMENT=107 DEFAULT CHARSET=utf8mb4 COLLATE=utf8mb4_unicode_ci;
/*!40101 SET character_set_client = @saved_cs_client */;

--
-- Dumping data for table `personal_access_tokens`
--

LOCK TABLES `personal_access_tokens` WRITE;
/*!40000 ALTER TABLE `personal_access_tokens` DISABLE KEYS */;
INSERT INTO `personal_access_tokens` VALUES (1,'App\\Models\\Member',1,'Personal Access Token','d7f2e7462c149b1f1d582bcf22634aba25157767b72c8b56a0439508d3d0f913','[\"*\"]','2024-08-16 13:26:16',NULL,'2024-08-12 08:32:35','2024-08-16 13:26:16'),(2,'App\\Models\\Member',1,'Personal Access Token','295f2a3f2588fbb388d108897f0de563307f81b5e9e86775775ec85d4a4ce053','[\"*\"]','2024-08-21 08:09:22',NULL,'2024-08-16 13:12:09','2024-08-21 08:09:22'),(3,'App\\Models\\Member',1,'Personal Access Token','9fb11941ed69667d12d0ac2dbba6b828fd0afa7c666b1f2aa4a161c9ae59c43c','[\"*\"]',NULL,NULL,'2024-08-16 13:22:12','2024-08-16 13:22:12'),(4,'App\\Models\\Member',1,'Personal Access Token','d76eaaf65cf1f8e5c1aa7befd150b5d986f5170a03f40db7cbf501f67ff49cfc','[\"*\"]',NULL,NULL,'2024-08-16 13:22:53','2024-08-16 13:22:53'),(5,'App\\Models\\Member',2,'Personal Access Token','a0ccadbd88e558849b2a81796afdef448fc8bf95b79baed2211e303fda30e0bc','[\"*\"]','2024-08-17 22:02:36',NULL,'2024-08-17 21:57:14','2024-08-17 22:02:36'),(6,'App\\Models\\Member',3,'Personal Access Token','196ea175c12b4b3108c3078d75f0b5ece314f666f84bcea0fe6b7b0267227edd','[\"*\"]','2024-08-17 22:07:46',NULL,'2024-08-17 22:04:11','2024-08-17 22:07:46'),(7,'App\\Models\\Member',3,'Personal Access Token','7f2997b35099fc479881f2261128f2770a035af2e7dc4b63911a897be018441b','[\"*\"]','2024-08-17 22:22:41',NULL,'2024-08-17 22:22:38','2024-08-17 22:22:41'),(8,'App\\Models\\Member',3,'Personal Access Token','dfb293fd1be0d1e8600f414cb5534565ce4117d625f3a3391ee400711e28a018','[\"*\"]',NULL,NULL,'2024-08-17 22:49:26','2024-08-17 22:49:26'),(9,'App\\Models\\Member',3,'Personal Access Token','c742c71570c12a69f8b5096773ac4806733f118cdd55522bde8f7eca6a95b6c8','[\"*\"]','2024-08-17 23:53:53',NULL,'2024-08-17 22:49:57','2024-08-17 23:53:53'),(10,'App\\Models\\Member',3,'Personal Access Token','98ca520fe449ce1941bba731ba69e89d68bac8cb2376754d45fc82522895c41d','[\"*\"]',NULL,NULL,'2024-08-17 22:57:16','2024-08-17 22:57:16'),(11,'App\\Models\\Member',4,'Personal Access Token','f8b090d71fc84e4422191e4903cc7076e7df921fecf74239d1eee4f19e9dfdde','[\"*\"]',NULL,NULL,'2024-08-23 00:12:48','2024-08-23 00:12:48'),(12,'App\\Models\\Member',5,'Personal Access Token','33fd56c9d5cb9e25c8db095aed4a9bcea10f8c368fc839f39ce3bcf14d4f65d0','[\"*\"]',NULL,NULL,'2024-08-23 00:16:52','2024-08-23 00:16:52'),(13,'App\\Models\\Member',6,'Personal Access Token','9ebbf6d80d1b652bb5068270118e2b4610d6271639e14888ae9fb3512b75d165','[\"*\"]',NULL,NULL,'2024-08-23 00:18:35','2024-08-23 00:18:35'),(14,'App\\Models\\Member',7,'Personal Access Token','4c479946eabed4497ca5b41eeb4f70eedf63ec8bcc43e3cba102a16326ee6c00','[\"*\"]','2024-08-23 00:49:24',NULL,'2024-08-23 00:19:42','2024-08-23 00:49:24'),(15,'App\\Models\\Member',7,'Personal Access Token','8e6bae40202498e4af83c0c1e88701d10da1aa0edfa23972b4281eededfca3d3','[\"*\"]',NULL,NULL,'2024-08-23 00:38:56','2024-08-23 00:38:56'),(16,'App\\Models\\Member',7,'Personal Access Token','27a605a573692876b95322aaf9c0aa6947d096b284870adc1644588bdbdab402','[\"*\"]',NULL,NULL,'2024-08-23 00:42:45','2024-08-23 00:42:45'),(17,'App\\Models\\Member',7,'Personal Access Token','f64cf5a4ec2a8bd7c745f8c37915f1c4bd88038373bed55a7e83ddf6b85ef283','[\"*\"]',NULL,NULL,'2024-08-23 00:43:45','2024-08-23 00:43:45'),(18,'App\\Models\\Member',7,'Personal Access Token','f3b562ac700d3e1c2f7bdd80a176d538232864bc9649184177a867e59a52a551','[\"*\"]',NULL,NULL,'2024-08-23 00:44:14','2024-08-23 00:44:14'),(19,'App\\Models\\Member',7,'Personal Access Token','dbeab2291ee049510a164aa2c0299480f52f7a43379bec96821960592a002e62','[\"*\"]','2024-08-23 00:53:49',NULL,'2024-08-23 00:50:47','2024-08-23 00:53:49'),(20,'App\\Models\\Member',7,'Personal Access Token','25fd8943eda35267a7e616ed49ea917716b160ac7661c0298ab67e14e6f427fb','[\"*\"]',NULL,NULL,'2024-08-23 00:54:58','2024-08-23 00:54:58'),(21,'App\\Models\\Member',7,'Personal Access Token','432755bf2c2ec6a79d3e1d7a513668844946452684269e631e0744881946a128','[\"*\"]','2024-08-23 01:16:35',NULL,'2024-08-23 00:55:34','2024-08-23 01:16:35'),(22,'App\\Models\\Member',7,'Personal Access Token','d412eb0e8141e162c469f997e6054e888596b622d679e9f93fe9a7be47f473eb','[\"*\"]',NULL,NULL,'2024-08-23 01:17:19','2024-08-23 01:17:19'),(23,'App\\Models\\Member',7,'Personal Access Token','8657f9a0c947c5c9e63d439bf29928af73f83e4881a1e46e09ed1667cff0a889','[\"*\"]',NULL,NULL,'2024-08-23 01:17:23','2024-08-23 01:17:23'),(24,'App\\Models\\Member',7,'Personal Access Token','45515845f07c60b52c8c6c0b0ffb51541db93a7a66335ad8e8e605b2427f43a7','[\"*\"]',NULL,NULL,'2024-08-23 01:17:53','2024-08-23 01:17:53'),(25,'App\\Models\\Member',7,'Personal Access Token','629e552a4b037bcccb9fce9b704f933fb11ed1b2c361d712b440ec80f33c0a6b','[\"*\"]',NULL,NULL,'2024-08-23 01:18:00','2024-08-23 01:18:00'),(26,'App\\Models\\Member',7,'Personal Access Token','90475dd04238ea74a4d6dcfbf211b90b1cff5214b780b189809a944fb318b08b','[\"*\"]',NULL,NULL,'2024-08-23 01:18:02','2024-08-23 01:18:02'),(27,'App\\Models\\Member',7,'Personal Access Token','9fbf936b2d28dc09e0e3e686aa989737f8469eb68bae88c2c8968612a18fe469','[\"*\"]',NULL,NULL,'2024-08-23 01:18:23','2024-08-23 01:18:23'),(28,'App\\Models\\Member',7,'Personal Access Token','12fa209ab4042963b388a3db8d68240c25275a48da2d7b3942640000d744c2d5','[\"*\"]',NULL,NULL,'2024-08-23 01:19:12','2024-08-23 01:19:12'),(29,'App\\Models\\Member',7,'Personal Access Token','419ea94778058f4a2f0f0eb73cb80d3857a2ef7ead40296ead62d62f20c33841','[\"*\"]','2024-08-23 09:49:12',NULL,'2024-08-23 09:49:10','2024-08-23 09:49:12'),(30,'App\\Models\\Member',7,'Personal Access Token','3bee2ea6f46bf3f42ce5957740e7cdef074fafffa4914c7120c4b08f819b8d8c','[\"*\"]','2024-08-23 10:38:02',NULL,'2024-08-23 10:37:49','2024-08-23 10:38:02'),(31,'App\\Models\\Member',7,'Personal Access Token','1a59cfe75e124086e1a0bd6cfdfd81e10e10bca46357c0e25e68ee3b029147d5','[\"*\"]','2024-08-23 14:06:37',NULL,'2024-08-23 13:58:53','2024-08-23 14:06:37'),(32,'App\\Models\\Member',8,'Personal Access Token','776a8f8e55a7abe6801bd08f7cdd1aefe035f433d5c335f07f8da22fb35ae91f','[\"*\"]','2024-08-23 14:17:54',NULL,'2024-08-23 14:11:11','2024-08-23 14:17:54'),(33,'App\\Models\\Member',8,'Personal Access Token','dfeef6c7ce149b6154c38a4d0c56ddca11e232e9a902df5f39555b9ce6c4b029','[\"*\"]',NULL,NULL,'2024-08-23 14:14:00','2024-08-23 14:14:00'),(34,'App\\Models\\Member',8,'Personal Access Token','723daac5a9ca85a4e1f23dbb1dbb3e9557aa8cf7da59daec0636fb22d435d064','[\"*\"]',NULL,NULL,'2024-08-23 14:15:39','2024-08-23 14:15:39'),(35,'App\\Models\\Member',8,'Personal Access Token','9673afd0360018cd55bcea71d656a9d0e9a12a88de2f7b6092b8ac906d710dac','[\"*\"]',NULL,NULL,'2024-08-23 14:15:48','2024-08-23 14:15:48'),(36,'App\\Models\\Member',9,'Personal Access Token','1cb2428e9d2db137e05d8ad4b644fcff4780ce7894b815819da52df85e9c03b2','[\"*\"]',NULL,NULL,'2024-08-23 14:28:00','2024-08-23 14:28:00'),(37,'App\\Models\\Member',10,'Personal Access Token','83e6ea0f7a046badbd2fe45c118baffe08f4dfabed981db1254a3424fffabedb','[\"*\"]','2024-08-23 14:33:35',NULL,'2024-08-23 14:30:19','2024-08-23 14:33:35'),(38,'App\\Models\\Member',10,'Personal Access Token','fbd4db868dba704428c262d984a298dec19df33e3d5bf520aac1bc9c5110c1ee','[\"*\"]',NULL,NULL,'2024-08-23 14:39:37','2024-08-23 14:39:37'),(39,'App\\Models\\Member',10,'Personal Access Token','8a1f4730cb3d2aa8c231e6bbb1152a3c2073949c08022cce500f6ec50ceac472','[\"*\"]',NULL,NULL,'2024-08-23 14:40:17','2024-08-23 14:40:17'),(40,'App\\Models\\Member',10,'Personal Access Token','537d628d4135f87f6ac82b1f504925655f637a414d4b31263ed9f42e4ffd257e','[\"*\"]',NULL,NULL,'2024-08-23 14:40:54','2024-08-23 14:40:54'),(41,'App\\Models\\Member',10,'Personal Access Token','b973d1d5953c22563516a04e609b6ed5d807b3aec2844ad3dbb3c93951c95116','[\"*\"]','2024-08-23 14:45:45',NULL,'2024-08-23 14:41:28','2024-08-23 14:45:45'),(42,'App\\Models\\Member',10,'Personal Access Token','b9f8541e6981fee30ba02ab168f82c3021c05328b9de175de1e6bd56cb167ed2','[\"*\"]','2024-08-23 14:46:25',NULL,'2024-08-23 14:46:00','2024-08-23 14:46:25'),(43,'App\\Models\\Member',10,'Personal Access Token','dfdd37d9bbdb401b5f84516fa20e374ccec5b4738bf2f7cef34a7f023f3eccba','[\"*\"]','2024-12-19 23:14:41',NULL,'2024-08-23 14:46:48','2024-12-19 23:14:41'),(44,'App\\Models\\Member',11,'Personal Access Token','91db5fa512e99acacfd9ecb908d2edf141cab986c3d8a0689f1b90c0b90d5a7a','[\"*\"]','2024-08-24 21:16:55',NULL,'2024-08-24 21:13:02','2024-08-24 21:16:55'),(45,'App\\Models\\Member',12,'Personal Access Token','bea91e7a25e2136c3b3614b0e50ee69eb72fc960b630aaecbe4dbcf800c94173','[\"*\"]','2024-08-24 23:10:27',NULL,'2024-08-24 23:09:42','2024-08-24 23:10:27'),(46,'App\\Models\\Member',13,'Personal Access Token','3516242262f5fd46c7f29e760b2ec4bb97163037d3fc3e1de3897ce6c8396870','[\"*\"]','2024-09-09 21:04:58',NULL,'2024-08-25 16:20:23','2024-09-09 21:04:58'),(47,'App\\Models\\Member',14,'Personal Access Token','0fba750858e9797d74111757feaf62209fa559d2d1196f21dde3d8ba5626baa0','[\"*\"]','2024-08-26 23:11:30',NULL,'2024-08-26 23:10:57','2024-08-26 23:11:30'),(48,'App\\Models\\Member',14,'Personal Access Token','4a82f9dee4a49b490a43e12c88b28eae599ced8537c0218eb1e92fb6c1168173','[\"*\"]','2024-11-27 15:47:17',NULL,'2024-08-26 23:11:47','2024-11-27 15:47:17'),(49,'App\\Models\\Member',15,'Personal Access Token','e678c63917052f51699ec3cd5946ef127d5bffcad184f31eb2b9dbb51631f6e9','[\"*\"]','2024-09-04 16:54:44',NULL,'2024-09-04 16:39:27','2024-09-04 16:54:44'),(50,'App\\Models\\Member',15,'Personal Access Token','33d61e4808ab82ed55a1c8ab74a21ac59b78f6c8b70b9e9cca5655914ebb09f7','[\"*\"]',NULL,NULL,'2024-09-04 16:52:56','2024-09-04 16:52:56'),(51,'App\\Models\\Member',15,'Personal Access Token','5c36a49be565244175649a5c2b5866f64e9a6b59666ead027afb721cbc09f49e','[\"*\"]',NULL,NULL,'2024-09-04 16:57:06','2024-09-04 16:57:06'),(52,'App\\Models\\Member',15,'Personal Access Token','e7bb178be2e8bc548fb8e4fafc2057409f7e5f2df3194a26aee875257a1a670b','[\"*\"]','2024-09-10 14:48:09',NULL,'2024-09-04 16:57:34','2024-09-10 14:48:09'),(53,'App\\Models\\Member',11,'Personal Access Token','72795af78f3a3e03821dd651ac6767b7a7c5de69d819a5e36372e863b2e60972','[\"*\"]',NULL,NULL,'2024-09-06 10:29:47','2024-09-06 10:29:47'),(54,'App\\Models\\Member',11,'Personal Access Token','6285bfb91ea8c8cc0ad4647cb23e1ed371c8cee137dc9beeaa9b4e04b29f24af','[\"*\"]',NULL,NULL,'2024-09-06 10:34:17','2024-09-06 10:34:17'),(55,'App\\Models\\Member',16,'Personal Access Token','82554ff9ac9f997960c8aa2e1b1f7d720d282186377f9eb13cd95878d22ec4df','[\"*\"]','2024-09-06 10:49:37',NULL,'2024-09-06 10:49:19','2024-09-06 10:49:37'),(56,'App\\Models\\Member',16,'Personal Access Token','3d185d42ca5538f1aff8e6d7f62f7220f32e8b4404c57fd3093ad8367fca44a9','[\"*\"]','2024-09-06 10:50:45',NULL,'2024-09-06 10:50:44','2024-09-06 10:50:45'),(57,'App\\Models\\Member',17,'Personal Access Token','7338b00e021222f4e94d140f9b512f7f7774c4be55840f4dbd04486bae4f14a2','[\"*\"]','2024-09-06 14:59:14',NULL,'2024-09-06 13:38:43','2024-09-06 14:59:14'),(58,'App\\Models\\Member',17,'Personal Access Token','c0fc9fd24b2bebaa956a1f590604cc0719d7e43d82b3faf4b81339842f14d7b0','[\"*\"]',NULL,NULL,'2024-09-06 14:59:10','2024-09-06 14:59:10'),(59,'App\\Models\\Member',17,'Personal Access Token','7603cab335f3de8ccde1bf953adb03661c9cf52b343e719f0032004bfdacd0ed','[\"*\"]',NULL,NULL,'2024-09-09 18:16:00','2024-09-09 18:16:00'),(60,'App\\Models\\Member',17,'Personal Access Token','c614cf2f4fc61c752e2c6bd3170ab9977ef4812d28a35d14b2c316516e448427','[\"*\"]','2024-09-09 18:16:40',NULL,'2024-09-09 18:16:37','2024-09-09 18:16:40'),(61,'App\\Models\\Member',16,'Personal Access Token','90a12637f5190a25aba02c4767451e01324fe0435c4aeb74a52198fef7ac4dd7','[\"*\"]',NULL,NULL,'2024-09-09 21:32:19','2024-09-09 21:32:19'),(62,'App\\Models\\Member',16,'Personal Access Token','4d24d5b305a54d7b368e1fe16498b1abbed38ae1ac7e53063b0f0c8b9e9aae79','[\"*\"]','2024-09-10 16:22:47',NULL,'2024-09-09 21:32:38','2024-09-10 16:22:47'),(63,'App\\Models\\Member',18,'Personal Access Token','b88e99a77d249ece90f41f1955f07993bfdc45bedaf226e011df4281b13ab51a','[\"*\"]','2024-09-10 15:03:46',NULL,'2024-09-10 14:51:38','2024-09-10 15:03:46'),(64,'App\\Models\\Member',18,'Personal Access Token','445112ea667b79e70614167a1b45e84687970c52ec5520dcb156ad87f1f7526c','[\"*\"]',NULL,NULL,'2024-09-10 15:01:58','2024-09-10 15:01:58'),(65,'App\\Models\\Member',18,'Personal Access Token','592e9a843a66d214a3c0be5a2cd9744ba28d8e5da217f7ceb8bd1eac83010c15','[\"*\"]',NULL,NULL,'2024-09-10 15:25:25','2024-09-10 15:25:25'),(66,'App\\Models\\Member',17,'Personal Access Token','b0900120ec513715902a4a9b6d3c329b5448869aef53dea1726a053ee51bffff','[\"*\"]','2024-09-10 17:38:17',NULL,'2024-09-10 17:12:31','2024-09-10 17:38:17'),(67,'App\\Models\\Member',17,'Personal Access Token','73bba8c00b71d39990761852c491b986266545c2bc9c57fa161ba15ae84d0a94','[\"*\"]','2024-09-10 18:18:59',NULL,'2024-09-10 17:38:59','2024-09-10 18:18:59'),(68,'App\\Models\\Member',17,'Personal Access Token','299eb30bb4ad5cedd30c43d2b7a0a96b9d98624926d207e173b0d5b819575d11','[\"*\"]','2024-09-10 18:32:59',NULL,'2024-09-10 18:19:19','2024-09-10 18:32:59'),(69,'App\\Models\\Member',16,'Personal Access Token','abc4735b762298284a49049c369b162ff5ee61ee8fb76998180b73f50ee8c8de','[\"*\"]','2024-09-10 19:04:48',NULL,'2024-09-10 18:39:14','2024-09-10 19:04:48'),(70,'App\\Models\\Member',17,'Personal Access Token','8f7e3266cdd8cec31a12bd74c6351c6adfdf938a885919f59cbe5a8916160e50','[\"*\"]','2024-09-10 21:25:21',NULL,'2024-09-10 19:12:01','2024-09-10 21:25:21'),(71,'App\\Models\\Member',17,'Personal Access Token','3d6f0a623237d4b71dcd553dac5ade3d0e235181bc53679e3f5f3b2a95aa4f65','[\"*\"]','2024-09-10 22:02:59',NULL,'2024-09-10 21:25:55','2024-09-10 22:02:59'),(72,'App\\Models\\Member',19,'Personal Access Token','b103ceb83749cf37b3ccd3f16b3442ea7cf304e944f506ea2ed3e786b7f88a0a','[\"*\"]',NULL,NULL,'2024-09-10 21:59:16','2024-09-10 21:59:16'),(73,'App\\Models\\Member',19,'Personal Access Token','503cae4035aebac27bbedf3add692a751dbc3a0645984ef54d9e87f28a69c9a4','[\"*\"]','2024-09-10 22:03:21',NULL,'2024-09-10 21:59:55','2024-09-10 22:03:21'),(74,'App\\Models\\Member',19,'Personal Access Token','8e91669c091254287163cf19094e010b57c0378c204b8faa6615c48ea64434bd','[\"*\"]','2024-09-10 22:04:20',NULL,'2024-09-10 22:04:19','2024-09-10 22:04:20'),(75,'App\\Models\\Member',19,'Personal Access Token','4c9285451a34f1b981f8d6991475cc70372147b0456891554310a1e5c8b84674','[\"*\"]','2024-09-18 14:14:35',NULL,'2024-09-10 22:04:22','2024-09-18 14:14:35'),(76,'App\\Models\\Member',17,'Personal Access Token','59daca40015928b0006764ca9e15db1dd6aeb6c2236edd6fe06e01521512e83a','[\"*\"]','2024-09-16 10:42:09',NULL,'2024-09-10 22:13:09','2024-09-16 10:42:09'),(77,'App\\Models\\Member',17,'Personal Access Token','fc5e8aea31ca6032f86bdd2f1a75b485ff1756ec7c39bbac6a5d368b05a33a98','[\"*\"]',NULL,NULL,'2024-09-16 10:42:07','2024-09-16 10:42:07'),(78,'App\\Models\\Member',19,'Personal Access Token','0e9bbca611ecc6e744713b1216f294986d5d38ce396910963af00755dc1371ae','[\"*\"]',NULL,NULL,'2024-09-16 14:27:31','2024-09-16 14:27:31'),(79,'App\\Models\\Member',19,'Personal Access Token','721f9a0a817101f507e0e3894a9d588cd68bdca5b9cacee360c1efcab65f4485','[\"*\"]','2024-09-16 14:45:54',NULL,'2024-09-16 14:27:53','2024-09-16 14:45:54'),(80,'App\\Models\\Member',19,'Personal Access Token','ba2fae09045520f64f03f23ab94d26e6f743bdb0a2706508d1bf11f364b4c13f','[\"*\"]','2024-09-18 14:44:00',NULL,'2024-09-16 14:42:16','2024-09-18 14:44:00'),(81,'App\\Models\\Member',19,'Personal Access Token','d2219514f2eee0cb8a707d0f1aca7fc880829506d76b3a1a9dcbffdf1eed60d6','[\"*\"]','2024-09-18 14:44:11',NULL,'2024-09-16 17:14:09','2024-09-18 14:44:11'),(82,'App\\Models\\Member',18,'Personal Access Token','4e677041b1b61e382239e859ac02d7a693d1ad489b7e3e4795b01b5f02ae3ef9','[\"*\"]',NULL,NULL,'2024-09-18 10:57:17','2024-09-18 10:57:17'),(83,'App\\Models\\Member',18,'Personal Access Token','dcb56100dc9ab908fe14ad7098fcd1fc65e62e01c35128466f2b736aa4f5e635','[\"*\"]','2024-09-25 22:15:54',NULL,'2024-09-18 10:57:39','2024-09-25 22:15:54'),(84,'App\\Models\\Member',19,'Personal Access Token','d0837cdf73dcdf7efbd9ea22ce6e0882140777928a2c01f999bd423c603bc020','[\"*\"]','2024-09-18 14:26:11',NULL,'2024-09-18 14:16:42','2024-09-18 14:26:11'),(85,'App\\Models\\Member',20,'Personal Access Token','8c874cc7f2771d49fc0f102e2ff4e6cf986eb7251a665dcb9ff46b6315c49d0f','[\"*\"]',NULL,NULL,'2024-12-15 10:32:37','2024-12-15 10:32:37'),(86,'App\\Models\\Member',14,'Personal Access Token','3093238a2d43f1a0c5c926ad5523e4e836297374f706f6847b1d23c57bf3111d','[\"*\"]',NULL,NULL,'2024-12-15 10:37:14','2024-12-15 10:37:14'),(87,'App\\Models\\Member',14,'Personal Access Token','f1392487fe96303132b51389ad391bcb42e0c145743af7a0608c788fa54080fb','[\"*\"]','2024-12-15 10:41:53',NULL,'2024-12-15 10:37:58','2024-12-15 10:41:53'),(88,'App\\Models\\Member',21,'Personal Access Token','700655de7b3709e6cef3a199d0d303bb7a93d78198b68fd8e3596dc1216de8b6','[\"*\"]','2024-12-19 21:35:43',NULL,'2024-12-15 11:56:08','2024-12-19 21:35:43'),(89,'App\\Models\\Member',22,'Personal Access Token','fc81ab333aef92beaa75cf65277eba95c105646c9c8c9d807de4c880262106fd','[\"*\"]','2024-12-20 11:34:27',NULL,'2024-12-19 21:06:03','2024-12-20 11:34:27'),(90,'App\\Models\\Member',1,'Personal Access Token','d9115813b6a56672d7ac5d9893765722ac2d95c267514859b22621322d8368cf','[\"*\"]','2024-12-20 10:13:09',NULL,'2024-12-19 21:32:31','2024-12-20 10:13:09'),(91,'App\\Models\\Member',22,'Personal Access Token','6953ef91e7a37e0c769f75a7d97db4921f1f8d794d3f9791db2f62c18a67b090','[\"*\"]',NULL,NULL,'2024-12-20 11:28:14','2024-12-20 11:28:14'),(92,'App\\Models\\Member',22,'Personal Access Token','2d5f32855923daadfc9c461b2f4bee0adf65b63692206dd41bc250e20f6cc92c','[\"*\"]',NULL,NULL,'2024-12-20 11:28:49','2024-12-20 11:28:49'),(93,'App\\Models\\Member',23,'Personal Access Token','8fedc6bf0154fe6544a821b5bb76600cccc8f798d007cbbb3762242f1c403fea','[\"*\"]','2024-12-26 12:19:45',NULL,'2024-12-20 11:37:22','2024-12-26 12:19:45'),(94,'App\\Models\\Member',22,'Personal Access Token','c8de950ceb9240f933cbe6b5554cbe81e4619f930826195205d0e962be97333c','[\"*\"]','2024-12-23 15:55:49',NULL,'2024-12-20 15:31:16','2024-12-23 15:55:49'),(95,'App\\Models\\Member',14,'Personal Access Token','8c41c45b5ff157198895380295b4e21510ed835e2eb85dae7410807620f41bd0','[\"*\"]','2024-12-23 15:53:26',NULL,'2024-12-23 15:53:25','2024-12-23 15:53:26'),(96,'App\\Models\\Member',22,'Personal Access Token','6b403708557596096a417ea48ff71d35595889859c71ea61f377a95dc94b2900','[\"*\"]','2024-12-31 14:37:06',NULL,'2024-12-23 15:56:13','2024-12-31 14:37:06'),(97,'App\\Models\\Member',14,'Personal Access Token','0b1bf6c16fb67d92f811f924d65b1e25c5d23e1a4121ac173e7792c6fea4e54e','[\"*\"]','2024-12-30 21:25:41',NULL,'2024-12-23 16:06:59','2024-12-30 21:25:41'),(98,'App\\Models\\Member',23,'Personal Access Token','8a83f94c3fb64753dc1d134dc01e21746f907691dcf71d5cce7023a685816d7e','[\"*\"]',NULL,NULL,'2024-12-26 12:23:02','2024-12-26 12:23:02'),(99,'App\\Models\\Member',23,'Personal Access Token','eaa2a3790c1ac2e407fa1359bd370302a61c6967ae5a422ba1e395447b034b44','[\"*\"]','2024-12-26 12:23:18',NULL,'2024-12-26 12:23:16','2024-12-26 12:23:18'),(100,'App\\Models\\Member',23,'Personal Access Token','5a505b23decc3bee776b7496b3663c033707c5cf054c78e87fee68bd6c004802','[\"*\"]','2024-12-26 15:09:30',NULL,'2024-12-26 12:24:48','2024-12-26 15:09:30'),(101,'App\\Models\\Member',23,'Personal Access Token','67640cca1d6ceda990f487845fc9dddcfd27cca5d802d9f0e82c4092d3cfc6cf','[\"*\"]','2024-12-26 14:58:55',NULL,'2024-12-26 14:54:28','2024-12-26 14:58:55'),(102,'App\\Models\\Member',23,'Personal Access Token','ac74a32427fc1406bfd757f56ff6940f4354f297c5f7021d266ff88c9ea0b5cd','[\"*\"]','2024-12-26 15:46:51',NULL,'2024-12-26 15:46:02','2024-12-26 15:46:51'),(103,'App\\Models\\Member',23,'Personal Access Token','7ddcf102ef4a3a859bc9a865d73348f4b7a2b5095ea6c47cb1578e7b9e0150be','[\"*\"]',NULL,NULL,'2024-12-26 15:46:50','2024-12-26 15:46:50'),(104,'App\\Models\\Member',24,'Personal Access Token','556bc2e841da19a2e04a70866517eba97f342330bef08206d2207469dd872e92','[\"*\"]','2024-12-27 14:32:32',NULL,'2024-12-26 20:40:13','2024-12-27 14:32:32'),(105,'App\\Models\\Member',24,'Personal Access Token','8d6a355463f1e692258165e6c8b053596a8a65d4562963ef5ee8c4dfaf167771','[\"*\"]',NULL,NULL,'2024-12-26 20:44:51','2024-12-26 20:44:51'),(106,'App\\Models\\Member',24,'Personal Access Token','1b28ac71ee0d7da5ec66e2ab6b85bb8e522a224d13903da1216ff89238b7048f','[\"*\"]','2025-01-05 21:12:15',NULL,'2024-12-30 21:29:44','2025-01-05 21:12:15');
/*!40000 ALTER TABLE `personal_access_tokens` ENABLE KEYS */;
UNLOCK TABLES;

--
-- Table structure for table `replies`
--

DROP TABLE IF EXISTS `replies`;
/*!40101 SET @saved_cs_client     = @@character_set_client */;
/*!40101 SET character_set_client = utf8 */;
CREATE TABLE `replies` (
  `id` bigint unsigned NOT NULL AUTO_INCREMENT,
  `ticket_id` bigint unsigned NOT NULL,
  `reply_id` bigint unsigned DEFAULT NULL,
  `author_type` varchar(255) COLLATE utf8mb4_unicode_ci NOT NULL,
  `author_id` bigint unsigned NOT NULL,
  `content` text COLLATE utf8mb4_unicode_ci NOT NULL,
  `created_at` timestamp NULL DEFAULT NULL,
  `updated_at` timestamp NULL DEFAULT NULL,
  PRIMARY KEY (`id`),
  KEY `replies_author_type_author_id_index` (`author_type`,`author_id`)
) ENGINE=InnoDB AUTO_INCREMENT=14 DEFAULT CHARSET=utf8mb4 COLLATE=utf8mb4_unicode_ci;
/*!40101 SET character_set_client = @saved_cs_client */;

--
-- Dumping data for table `replies`
--

LOCK TABLES `replies` WRITE;
/*!40000 ALTER TABLE `replies` DISABLE KEYS */;
INSERT INTO `replies` VALUES (1,1,NULL,'App\\Models\\User',1,'We regret that you cancel the booking. You booking status has been updated.','2024-09-18 14:23:26','2024-09-18 14:23:26'),(2,1,NULL,'App\\Models\\Member',19,'happy','2024-09-18 14:25:01','2024-09-18 14:25:01'),(3,1,NULL,'App\\Models\\Member',19,'mobile','2024-09-18 14:25:43','2024-09-18 14:25:43'),(4,1,NULL,'App\\Models\\User',1,'[#1000] cance my boking\r\nmy booking hahavskahsfag\r\n\r\nCreated: September 18, 2024, 2:22 PM\r\nClosed: September 18, 2024, 2:24 PM\r\nNote: Submitting this form will close the tick','2024-09-18 14:25:56','2024-09-18 14:25:56'),(5,1,NULL,'App\\Models\\Member',19,'hi','2024-09-18 14:32:43','2024-09-18 14:32:43'),(6,1,NULL,'App\\Models\\User',1,'THis should be the latest message.','2024-09-18 14:33:47','2024-09-18 14:33:47'),(7,1,NULL,'App\\Models\\Member',19,'hmmmmmm','2024-09-18 14:34:22','2024-09-18 14:34:22'),(8,2,NULL,'App\\Models\\Member',14,'I was testing details','2024-12-15 10:41:06','2024-12-15 10:41:06'),(9,3,NULL,'App\\Models\\User',1,'We appreciate your feedback, thanks for letting us know the issue had been resolved, please recheck','2024-12-23 16:25:57','2024-12-23 16:25:57'),(10,3,NULL,'App\\Models\\Member',22,'Checked, resolved thanks','2024-12-23 16:26:54','2024-12-23 16:26:54'),(11,4,NULL,'App\\Models\\User',1,'Thanks for letting us know we will get back to you once done','2024-12-23 16:43:40','2024-12-23 16:43:40'),(12,3,NULL,'App\\Models\\User',1,'Is it resolved now?','2024-12-23 16:50:57','2024-12-23 16:50:57'),(13,4,NULL,'App\\Models\\User',1,'Its is now resolved','2024-12-23 16:56:53','2024-12-23 16:56:53');
/*!40000 ALTER TABLE `replies` ENABLE KEYS */;
UNLOCK TABLES;

--
-- Table structure for table `sessions`
--

DROP TABLE IF EXISTS `sessions`;
/*!40101 SET @saved_cs_client     = @@character_set_client */;
/*!40101 SET character_set_client = utf8 */;
CREATE TABLE `sessions` (
  `id` varchar(255) COLLATE utf8mb4_unicode_ci NOT NULL,
  `user_id` bigint unsigned DEFAULT NULL,
  `ip_address` varchar(45) COLLATE utf8mb4_unicode_ci DEFAULT NULL,
  `user_agent` text COLLATE utf8mb4_unicode_ci,
  `payload` longtext COLLATE utf8mb4_unicode_ci NOT NULL,
  `last_activity` int NOT NULL,
  PRIMARY KEY (`id`),
  KEY `sessions_user_id_index` (`user_id`),
  KEY `sessions_last_activity_index` (`last_activity`)
) ENGINE=InnoDB DEFAULT CHARSET=utf8mb4 COLLATE=utf8mb4_unicode_ci;
/*!40101 SET character_set_client = @saved_cs_client */;

--
-- Dumping data for table `sessions`
--

LOCK TABLES `sessions` WRITE;
/*!40000 ALTER TABLE `sessions` DISABLE KEYS */;
INSERT INTO `sessions` VALUES ('9ou3kROmnO1tJdXiJU0tUz8SiUPv6UvxJWj0voKp',NULL,'15.204.182.106','Mozilla/5.0 (Windows NT 10.0; Win64; x64) AppleWebKit/537.36 (KHTML, like Gecko) Chrome/122.0.0.0 Safari/537.36','YTozOntzOjY6Il90b2tlbiI7czo0MDoib2pyelR1aUJpUjlnY2swRUIyOFpMM1p2cXF4NHZQY3JRRWdHSnVlSyI7czo5OiJfcHJldmlvdXMiO2E6MTp7czozOiJ1cmwiO3M6MzQ6Imh0dHBzOi8vd3d3LnJlbmRlcnJtZWRpYS5jb20vbG9naW4iO31zOjY6Il9mbGFzaCI7YToyOntzOjM6Im9sZCI7YTowOnt9czozOiJuZXciO2E6MDp7fX19',1736048297),('CdoiEvGVLHImCwGGrUKTAV0fAFYfvTZjzR0JhFjf',NULL,'15.204.182.106','Mozilla/5.0 (Windows NT 10.0; Win64; x64) AppleWebKit/537.36 (KHTML, like Gecko) Chrome/122.0.0.0 Safari/537.36','YTo0OntzOjY6Il90b2tlbiI7czo0MDoiRkk5Y1BaM1pIbVRLb0xYZUhOdVlEb2p2ZDV6anJWR0JtWnJpdFJQUiI7czozOiJ1cmwiO2E6MTp7czo4OiJpbnRlbmRlZCI7czoyODoiaHR0cHM6Ly93d3cucmVuZGVycm1lZGlhLmNvbSI7fXM6OToiX3ByZXZpb3VzIjthOjE6e3M6MzoidXJsIjtzOjI4OiJodHRwczovL3d3dy5yZW5kZXJybWVkaWEuY29tIjt9czo2OiJfZmxhc2giO2E6Mjp7czozOiJvbGQiO2E6MDp7fXM6MzoibmV3IjthOjA6e319fQ==',1736048296),('eJLnj1K3PMAhgrHCB4dTQDMuMTUTzPGe84QrxTWa',NULL,'15.204.182.106','Mozilla/5.0 (Windows NT 10.0; Win64; x64) AppleWebKit/537.36 (KHTML, like Gecko) Chrome/122.0.0.0 Safari/537.36','YTozOntzOjY6Il90b2tlbiI7czo0MDoic1pVbXZFQURiRWcyNWN2dk9qYjloSDhSd3laeDFaRHc0NUhXOHN2aSI7czo5OiJfcHJldmlvdXMiO2E6MTp7czozOiJ1cmwiO3M6MzA6Imh0dHBzOi8vcmVuZGVycm1lZGlhLmNvbS9sb2dpbiI7fXM6NjoiX2ZsYXNoIjthOjI6e3M6Mzoib2xkIjthOjA6e31zOjM6Im5ldyI7YTowOnt9fX0=',1736045019),('Hq9nQw40VNtrh0lGlq4ZWwSzy3mYepznRivbKw2s',NULL,'46.228.199.158','Mozilla/5.0 (Windows NT 10.0; Win64; x64) AppleWebKit/537.36 (KHTML, like Gecko) Chrome/91.0.4472.114 Safari/537.36 Edg/91.0.864.54','YTo0OntzOjY6Il90b2tlbiI7czo0MDoiNDhwVmNhSE1nalBTcmpZNlRqdEtIalp5cHFUZ2VWdmNCbVVSSUJoViI7czozOiJ1cmwiO2E6MTp7czo4OiJpbnRlbmRlZCI7czoyMzoiaHR0cDovL3JlbmRlcnJtZWRpYS5jb20iO31zOjk6Il9wcmV2aW91cyI7YToxOntzOjM6InVybCI7czoyMzoiaHR0cDovL3JlbmRlcnJtZWRpYS5jb20iO31zOjY6Il9mbGFzaCI7YToyOntzOjM6Im9sZCI7YTowOnt9czozOiJuZXciO2E6MDp7fX19',1736028494),('ix4dGfgr0FrTECyVZb5vtKvsDWfZ1tPfAwvHMnLU',1,'103.152.101.47','Mozilla/5.0 (X11; Linux x86_64) AppleWebKit/537.36 (KHTML, like Gecko) Chrome/129.0.0.0 Safari/537.36','YTo2OntzOjY6Il90b2tlbiI7czo0MDoidTJUNVliZVZQVnJrYkp1TjJ4UlZtZElOV01sMUtnRnRMaTgwempUaSI7czozOiJ1cmwiO2E6MDp7fXM6OToiX3ByZXZpb3VzIjthOjE6e3M6MzoidXJsIjtzOjMxOiJodHRwczovL3JlbmRlcnJtZWRpYS5jb20vbW9iaWxlIjt9czo2OiJfZmxhc2giO2E6Mjp7czozOiJvbGQiO2E6MDp7fXM6MzoibmV3IjthOjA6e319czo1MDoibG9naW5fd2ViXzU5YmEzNmFkZGMyYjJmOTQwMTU4MGYwMTRjN2Y1OGVhNGUzMDk4OWQiO2k6MTtzOjQ6ImF1dGgiO2E6MTp7czoyMToicGFzc3dvcmRfY29uZmlybWVkX2F0IjtpOjE3MzYwMDk1Mzg7fX0=',1736014732),('Jbn6I8zQigoxwcfKOaQGgHx52qvfIAedXBW1OhXs',NULL,'103.152.101.47','Mozilla/5.0 (X11; Linux x86_64) AppleWebKit/537.36 (KHTML, like Gecko) Chrome/129.0.0.0 Safari/537.36','YTozOntzOjY6Il90b2tlbiI7czo0MDoiVkZPMHJNckJMd1Jhb3pNNkV5YjU2dnRVS2YwbmFqZklwSk1pZVRVUSI7czo5OiJfcHJldmlvdXMiO2E6MTp7czozOiJ1cmwiO3M6MzE6Imh0dHBzOi8vcmVuZGVycm1lZGlhLmNvbS9tb2JpbGUiO31zOjY6Il9mbGFzaCI7YToyOntzOjM6Im9sZCI7YTowOnt9czozOiJuZXciO2E6MDp7fX19',1736106374),('jKeszOjaFH5QBn1wgbmADpqdayfDhhM9T9O5EVgg',1,'103.152.101.47','Mozilla/5.0 (X11; Linux x86_64) AppleWebKit/537.36 (KHTML, like Gecko) Chrome/129.0.0.0 Safari/537.36','YTo2OntzOjY6Il90b2tlbiI7czo0MDoiYm1oeng2NmFGWjNtc282ckh5R05oSVNSRVpHY0lESWpIRm1XNWlUTCI7czozOiJ1cmwiO2E6MDp7fXM6OToiX3ByZXZpb3VzIjthOjE6e3M6MzoidXJsIjtzOjMzOiJodHRwczovL3JlbmRlcnJtZWRpYS5jb20vYm9va2luZ3MiO31zOjY6Il9mbGFzaCI7YToyOntzOjM6Im9sZCI7YTowOnt9czozOiJuZXciO2E6MDp7fX1zOjUwOiJsb2dpbl93ZWJfNTliYTM2YWRkYzJiMmY5NDAxNTgwZjAxNGM3ZjU4ZWE0ZTMwOTg5ZCI7aToxO3M6NDoiYXV0aCI7YToxOntzOjIxOiJwYXNzd29yZF9jb25maXJtZWRfYXQiO2k6MTczNTk5MjI1MDt9fQ==',1735994122),('JOwtLctQSnihHRvXwBRV3rxvskKqQfoiHz0C1cZ2',NULL,'159.89.118.89','Mozilla/5.0 (compatible)','YTo0OntzOjY6Il90b2tlbiI7czo0MDoiWFRDY1pBb0lxSVNGNTNLTHNkM2JXNDkwRGMweVZZZkhEWk03aFJlSCI7czozOiJ1cmwiO2E6MTp7czo4OiJpbnRlbmRlZCI7czoyMzoiaHR0cDovL3JlbmRlcnJtZWRpYS5jb20iO31zOjk6Il9wcmV2aW91cyI7YToxOntzOjM6InVybCI7czoyMzoiaHR0cDovL3JlbmRlcnJtZWRpYS5jb20iO31zOjY6Il9mbGFzaCI7YToyOntzOjM6Im9sZCI7YTowOnt9czozOiJuZXciO2E6MDp7fX19',1736000267),('L4oL422v1B1xl23VqFHzOSmvofkzNcsTxgYzAVK4',NULL,'103.152.101.47','Mozilla/5.0 (Linux; Android 10; K) AppleWebKit/537.36 (KHTML, like Gecko) Chrome/131.0.0.0 Mobile Safari/537.36','YTozOntzOjY6Il90b2tlbiI7czo0MDoiRU1CWVYxUDEyRnByOVl2NkxJUTlKbkhqM3hoT2lRUkJURnQwVlVjRyI7czo5OiJfcHJldmlvdXMiO2E6MTp7czozOiJ1cmwiO3M6MzE6Imh0dHBzOi8vcmVuZGVycm1lZGlhLmNvbS9tb2JpbGUiO31zOjY6Il9mbGFzaCI7YToyOntzOjM6Im9sZCI7YTowOnt9czozOiJuZXciO2E6MDp7fX19',1736023775),('msacU3w6MW8F3XFeLiAZyKEU3ZCbhKE6PydxuG0J',NULL,'159.89.118.89','Mozilla/5.0 (compatible)','YTozOntzOjY6Il90b2tlbiI7czo0MDoiOWpWeFNPU3B2TDQzV1dNSzFUTG14bjVtaTUzNnViVVVGSWVKckh1ZiI7czo5OiJfcHJldmlvdXMiO2E6MTp7czozOiJ1cmwiO3M6MzA6Imh0dHBzOi8vcmVuZGVycm1lZGlhLmNvbS9sb2dpbiI7fXM6NjoiX2ZsYXNoIjthOjI6e3M6Mzoib2xkIjthOjA6e31zOjM6Im5ldyI7YTowOnt9fX0=',1736000269),('o1cVFitlB4MscNwYJi0VAFFj88T5brINXlSJ1JCh',NULL,'103.152.101.47','Mozilla/5.0 (Linux; Android 10; K) AppleWebKit/537.36 (KHTML, like Gecko) Chrome/131.0.0.0 Mobile Safari/537.36','YTozOntzOjY6Il90b2tlbiI7czo0MDoiOUtzSDFLRnU2akhMZ21FQzVTYTRJUjRZRkE2azZ5ajVXVjl4Z3dsRiI7czo5OiJfcHJldmlvdXMiO2E6MTp7czozOiJ1cmwiO3M6MzE6Imh0dHBzOi8vcmVuZGVycm1lZGlhLmNvbS9tb2JpbGUiO31zOjY6Il9mbGFzaCI7YToyOntzOjM6Im9sZCI7YTowOnt9czozOiJuZXciO2E6MDp7fX19',1736106518),('Oe3kTQmX5eBfiZjRvE5Co831rURqIYzCYGMa9zak',NULL,'15.204.182.106','Mozilla/5.0 (Windows NT 10.0; Win64; x64) AppleWebKit/537.36 (KHTML, like Gecko) Chrome/122.0.0.0 Safari/537.36','YTo0OntzOjY6Il90b2tlbiI7czo0MDoiVnJ3YXl4YWM5Sld0bkVObGhlOFdlR0RwWkVRTnM4Umt2WkJyQnd3TCI7czozOiJ1cmwiO2E6MTp7czo4OiJpbnRlbmRlZCI7czoyNDoiaHR0cHM6Ly9yZW5kZXJybWVkaWEuY29tIjt9czo5OiJfcHJldmlvdXMiO2E6MTp7czozOiJ1cmwiO3M6MjQ6Imh0dHBzOi8vcmVuZGVycm1lZGlhLmNvbSI7fXM6NjoiX2ZsYXNoIjthOjI6e3M6Mzoib2xkIjthOjA6e31zOjM6Im5ldyI7YTowOnt9fX0=',1736045019),('paC7315kuflAt4uzLBmtELlcjSzCMCMdNT1ZIq7Q',NULL,'52.167.144.150','Mozilla/5.0 AppleWebKit/537.36 (KHTML, like Gecko; compatible; bingbot/2.0; +http://www.bing.com/bingbot.htm) Chrome/116.0.1938.76 Safari/537.36','YTozOntzOjY6Il90b2tlbiI7czo0MDoiVVBOTnlrb3FsMlU3QzY2Q05kTExzWGJ5cno3dkN1QlF1aFdBR0ZyZyI7czo5OiJfcHJldmlvdXMiO2E6MTp7czozOiJ1cmwiO3M6MzA6Imh0dHBzOi8vcmVuZGVycm1lZGlhLmNvbS9sb2dpbiI7fXM6NjoiX2ZsYXNoIjthOjI6e3M6Mzoib2xkIjthOjA6e31zOjM6Im5ldyI7YTowOnt9fX0=',1736075047),('PBsrHmZS81hrkUWHYiLjXEt24oat3JH2wAy86TcC',NULL,'66.249.72.134','Mozilla/5.0 (Linux; Android 6.0.1; Nexus 5X Build/MMB29P) AppleWebKit/537.36 (KHTML, like Gecko) Chrome/131.0.6778.139 Mobile Safari/537.36 (compatible; Googlebot/2.1; +http://www.google.com/bot.html)','YTo0OntzOjY6Il90b2tlbiI7czo0MDoiQWNHVVdjS2R3N2ZOaU9PTlUzbnFQeDZyQnhwRkdwNHI5aUg5TDdaVyI7czozOiJ1cmwiO2E6MTp7czo4OiJpbnRlbmRlZCI7czoyNzoiaHR0cDovL3d3dy5yZW5kZXJybWVkaWEuY29tIjt9czo5OiJfcHJldmlvdXMiO2E6MTp7czozOiJ1cmwiO3M6MzM6Imh0dHA6Ly93d3cucmVuZGVycm1lZGlhLmNvbS9sb2dpbiI7fXM6NjoiX2ZsYXNoIjthOjI6e3M6Mzoib2xkIjthOjA6e31zOjM6Im5ldyI7YTowOnt9fX0=',1736064950),('PvJUxvSTtOvDdquD8DFZcRXqJqkH4N4nk0523ybt',NULL,'51.222.253.13','Mozilla/5.0 (compatible; AhrefsBot/7.0; +http://ahrefs.com/robot/)','YTo0OntzOjY6Il90b2tlbiI7czo0MDoiaTk2bUJPUTByU1B5c0pRSTRqMTlVYnVFYWlUT3RnVU50a2JJeWF0ZCI7czozOiJ1cmwiO2E6MTp7czo4OiJpbnRlbmRlZCI7czoyNDoiaHR0cHM6Ly9yZW5kZXJybWVkaWEuY29tIjt9czo5OiJfcHJldmlvdXMiO2E6MTp7czozOiJ1cmwiO3M6MjQ6Imh0dHBzOi8vcmVuZGVycm1lZGlhLmNvbSI7fXM6NjoiX2ZsYXNoIjthOjI6e3M6Mzoib2xkIjthOjA6e31zOjM6Im5ldyI7YTowOnt9fX0=',1736083452),('Qr487mSkLPYNO28mZ2jlRUFGrmMIY0u7L3OTM49K',NULL,'103.152.101.47','Mozilla/5.0 (Linux; Android 10; K) AppleWebKit/537.36 (KHTML, like Gecko) Chrome/131.0.0.0 Mobile Safari/537.36','YTozOntzOjY6Il90b2tlbiI7czo0MDoidFJrMGpPWmdSU1VjbWFWMnloZmg1elVRZEM2RHJKNlFIUnJEcEtuSyI7czo5OiJfcHJldmlvdXMiO2E6MTp7czozOiJ1cmwiO3M6MzE6Imh0dHBzOi8vcmVuZGVycm1lZGlhLmNvbS9tb2JpbGUiO31zOjY6Il9mbGFzaCI7YToyOntzOjM6Im9sZCI7YTowOnt9czozOiJuZXciO2E6MDp7fX19',1736015948),('t0ciVRv6i7kZL46pEgPCF5zOfLDBLP9eDVmgP3Hi',NULL,'46.228.199.158','Mozilla/5.0 (Windows NT 10.0; Win64; x64) AppleWebKit/537.36 (KHTML, like Gecko) Chrome/91.0.4472.114 Safari/537.36 Edg/91.0.864.54','YTozOntzOjY6Il90b2tlbiI7czo0MDoiTkZ0OGVBWDlnUllOOUIybzViVkF4UGdTcW5KaTFSTVJMSTRHalNLeSI7czo5OiJfcHJldmlvdXMiO2E6MTp7czozOiJ1cmwiO3M6Mjk6Imh0dHA6Ly9yZW5kZXJybWVkaWEuY29tL2xvZ2luIjt9czo2OiJfZmxhc2giO2E6Mjp7czozOiJvbGQiO2E6MDp7fXM6MzoibmV3IjthOjA6e319fQ==',1736028494),('vAbK7YcGqTbm3mRNAZlqh0ffFvbCh6Gt5KjszcWl',NULL,'44.234.48.151','httpx - Open-source project (github.com/Cloudsek-Engineering/fdf-httpx)','YTo0OntzOjY6Il90b2tlbiI7czo0MDoiYlp2UThmcENHWW9KakswSzNRMFc1WlNsSkp6NWc0eW9ZSEJPREE1TCI7czozOiJ1cmwiO2E6MTp7czo4OiJpbnRlbmRlZCI7czoyNDoiaHR0cHM6Ly9yZW5kZXJybWVkaWEuY29tIjt9czo5OiJfcHJldmlvdXMiO2E6MTp7czozOiJ1cmwiO3M6MjQ6Imh0dHBzOi8vcmVuZGVycm1lZGlhLmNvbSI7fXM6NjoiX2ZsYXNoIjthOjI6e3M6Mzoib2xkIjthOjA6e31zOjM6Im5ldyI7YTowOnt9fX0=',1735994862),('XVinR9HXgEpKz6lrFb4jqY11bglO7j7hsh7RdzJR',NULL,'159.89.118.89','Mozilla/5.0 (compatible)','YTozOntzOjY6Il90b2tlbiI7czo0MDoiS0RZbmlsellGOEllek1CbzFESERxbUpuSzdTZ1YzcUNna1Fxa2JoYSI7czo5OiJfcHJldmlvdXMiO2E6MTp7czozOiJ1cmwiO3M6Mjk6Imh0dHA6Ly9yZW5kZXJybWVkaWEuY29tL2xvZ2luIjt9czo2OiJfZmxhc2giO2E6Mjp7czozOiJvbGQiO2E6MDp7fXM6MzoibmV3IjthOjA6e319fQ==',1736000267),('xwjkdhfM5n6xoSGRHtpmccAOcaXCMhN0e51t9oZo',NULL,'159.89.118.89','Mozilla/5.0 (compatible)','YTo0OntzOjY6Il90b2tlbiI7czo0MDoiTTdja2ZvUGFnZ29waTZEU2pBbzNGd01TZnB3Z0llM0xuazBKMmwyViI7czozOiJ1cmwiO2E6MTp7czo4OiJpbnRlbmRlZCI7czoyNDoiaHR0cHM6Ly9yZW5kZXJybWVkaWEuY29tIjt9czo5OiJfcHJldmlvdXMiO2E6MTp7czozOiJ1cmwiO3M6MjQ6Imh0dHBzOi8vcmVuZGVycm1lZGlhLmNvbSI7fXM6NjoiX2ZsYXNoIjthOjI6e3M6Mzoib2xkIjthOjA6e31zOjM6Im5ldyI7YTowOnt9fX0=',1736000268),('y4XJYplPO2eg67RJRz2YNKBQbMiirumyqG6jvLL4',1,'94.204.152.245','Mozilla/5.0 (iPhone; CPU iPhone OS 18_0_1 like Mac OS X) AppleWebKit/605.1.15 (KHTML, like Gecko) Version/18.0.1 Mobile/15E148 Safari/604.1','YTo2OntzOjY6Il90b2tlbiI7czo0MDoiZmJaZzVhWVV4SlFyYnpnNGNvTVRJWWJmRkVBYzR6bWYxeTFLOVNlNCI7czozOiJ1cmwiO2E6MDp7fXM6OToiX3ByZXZpb3VzIjthOjE6e3M6MzoidXJsIjtzOjI0OiJodHRwczovL3JlbmRlcnJtZWRpYS5jb20iO31zOjY6Il9mbGFzaCI7YToyOntzOjM6Im9sZCI7YTowOnt9czozOiJuZXciO2E6MDp7fX1zOjUwOiJsb2dpbl93ZWJfNTliYTM2YWRkYzJiMmY5NDAxNTgwZjAxNGM3ZjU4ZWE0ZTMwOTg5ZCI7aToxO3M6NDoiYXV0aCI7YToxOntzOjIxOiJwYXNzd29yZF9jb25maXJtZWRfYXQiO2k6MTczNjA4MzQwMjt9fQ==',1736083402),('YC63iyYPS5iqaAsGzD2py6injrghTkiBzfb5U1ta',NULL,'66.249.75.201','Mozilla/5.0 (Linux; Android 6.0.1; Nexus 5X Build/MMB29P) AppleWebKit/537.36 (KHTML, like Gecko) Chrome/131.0.6778.139 Mobile Safari/537.36 (compatible; Googlebot/2.1; +http://www.google.com/bot.html)','YTo0OntzOjY6Il90b2tlbiI7czo0MDoiYVRsWVhKTXZSUjVMTjZKbmVFdkMzaHQ1YWVyd1RHSXhlT3NVd05VYSI7czozOiJ1cmwiO2E6MTp7czo4OiJpbnRlbmRlZCI7czoyNDoiaHR0cHM6Ly9yZW5kZXJybWVkaWEuY29tIjt9czo5OiJfcHJldmlvdXMiO2E6MTp7czozOiJ1cmwiO3M6MzA6Imh0dHBzOi8vcmVuZGVycm1lZGlhLmNvbS9sb2dpbiI7fXM6NjoiX2ZsYXNoIjthOjI6e3M6Mzoib2xkIjthOjA6e31zOjM6Im5ldyI7YTowOnt9fX0=',1736064940),('ZreYbS7j66vkeKn2tkysTjixo3BHQuHBFs9u0zdZ',NULL,'66.249.75.199','Mozilla/5.0 (Linux; Android 6.0.1; Nexus 5X Build/MMB29P) AppleWebKit/537.36 (KHTML, like Gecko) Chrome/131.0.6778.139 Mobile Safari/537.36 (compatible; Googlebot/2.1; +http://www.google.com/bot.html)','YTo0OntzOjY6Il90b2tlbiI7czo0MDoiZU1sTWprb3pGQUdXQmxHSENjMTZLbjNIblVFM0xTU0ZBc29MUUh0cyI7czozOiJ1cmwiO2E6MTp7czo4OiJpbnRlbmRlZCI7czoyMzoiaHR0cDovL3JlbmRlcnJtZWRpYS5jb20iO31zOjk6Il9wcmV2aW91cyI7YToxOntzOjM6InVybCI7czoyOToiaHR0cDovL3JlbmRlcnJtZWRpYS5jb20vbG9naW4iO31zOjY6Il9mbGFzaCI7YToyOntzOjM6Im9sZCI7YTowOnt9czozOiJuZXciO2E6MDp7fX19',1736064924);
/*!40000 ALTER TABLE `sessions` ENABLE KEYS */;
UNLOCK TABLES;

--
-- Table structure for table `tickets`
--

DROP TABLE IF EXISTS `tickets`;
/*!40101 SET @saved_cs_client     = @@character_set_client */;
/*!40101 SET character_set_client = utf8 */;
CREATE TABLE `tickets` (
  `id` bigint unsigned NOT NULL AUTO_INCREMENT,
  `member_id` bigint unsigned NOT NULL,
  `ticket_id` varchar(255) COLLATE utf8mb4_unicode_ci NOT NULL,
  `title` varchar(255) COLLATE utf8mb4_unicode_ci DEFAULT NULL,
  `description` text COLLATE utf8mb4_unicode_ci,
  `status` varchar(255) COLLATE utf8mb4_unicode_ci NOT NULL DEFAULT 'Open',
  `closed_at` datetime DEFAULT NULL,
  `reopned_at` datetime DEFAULT NULL,
  `created_at` timestamp NULL DEFAULT NULL,
  `updated_at` timestamp NULL DEFAULT NULL,
  PRIMARY KEY (`id`),
  KEY `tickets_ticket_id_index` (`ticket_id`),
  KEY `tickets_status_index` (`status`)
) ENGINE=InnoDB AUTO_INCREMENT=5 DEFAULT CHARSET=utf8mb4 COLLATE=utf8mb4_unicode_ci;
/*!40101 SET character_set_client = @saved_cs_client */;

--
-- Dumping data for table `tickets`
--

LOCK TABLES `tickets` WRITE;
/*!40000 ALTER TABLE `tickets` DISABLE KEYS */;
INSERT INTO `tickets` VALUES (1,19,'1000','cance my boking','my booking hahavskahsfag','Open','2024-09-18 14:24:04','2024-09-18 14:25:01','2024-09-18 14:22:20','2024-09-18 14:25:01'),(2,14,'1001','Tecketing testing','Hi','Open',NULL,NULL,'2024-12-15 10:40:27','2024-12-15 10:40:27'),(3,22,'1002','app errora testing','I cannot book oppointment on commercial videography please resolve this (testing ticket secction)','Closed','2024-12-23 16:31:28',NULL,'2024-12-23 16:05:43','2024-12-23 16:31:28'),(4,22,'1003','logout errors test','I can\'t logout of my account please resolve','Closed','2024-12-23 16:57:01',NULL,'2024-12-23 16:42:18','2024-12-23 16:57:01');
/*!40000 ALTER TABLE `tickets` ENABLE KEYS */;
UNLOCK TABLES;

--
-- Table structure for table `users`
--

DROP TABLE IF EXISTS `users`;
/*!40101 SET @saved_cs_client     = @@character_set_client */;
/*!40101 SET character_set_client = utf8 */;
CREATE TABLE `users` (
  `id` bigint unsigned NOT NULL AUTO_INCREMENT,
  `name` varchar(255) COLLATE utf8mb4_unicode_ci NOT NULL,
  `email` varchar(255) COLLATE utf8mb4_unicode_ci NOT NULL,
  `email_verified_at` timestamp NULL DEFAULT NULL,
  `password` varchar(255) COLLATE utf8mb4_unicode_ci NOT NULL,
  `remember_token` varchar(100) COLLATE utf8mb4_unicode_ci DEFAULT NULL,
  `created_at` timestamp NULL DEFAULT NULL,
  `updated_at` timestamp NULL DEFAULT NULL,
  PRIMARY KEY (`id`),
  UNIQUE KEY `users_email_unique` (`email`)
) ENGINE=InnoDB AUTO_INCREMENT=2 DEFAULT CHARSET=utf8mb4 COLLATE=utf8mb4_unicode_ci;
/*!40101 SET character_set_client = @saved_cs_client */;

--
-- Dumping data for table `users`
--

LOCK TABLES `users` WRITE;
/*!40000 ALTER TABLE `users` DISABLE KEYS */;
INSERT INTO `users` VALUES (1,'Super Admin','superadmin@render-media.com','2024-08-08 10:05:07','$2y$12$M0LIyoipjqBrVWzvVGm3aOGbjxT8VLtZ6Zg0JQd4Q8oiS6MgdCXUW','Lpap2K3otb06FIllDwjrq7VdoLHlEreEpN4ntvg0J8Nt5Ry4ivzHbhEKje5x','2024-08-08 10:05:07','2024-08-08 10:05:07');
/*!40000 ALTER TABLE `users` ENABLE KEYS */;
UNLOCK TABLES;
/*!40103 SET TIME_ZONE=@OLD_TIME_ZONE */;

/*!40101 SET SQL_MODE=@OLD_SQL_MODE */;
/*!40014 SET FOREIGN_KEY_CHECKS=@OLD_FOREIGN_KEY_CHECKS */;
/*!40014 SET UNIQUE_CHECKS=@OLD_UNIQUE_CHECKS */;
/*!40101 SET CHARACTER_SET_CLIENT=@OLD_CHARACTER_SET_CLIENT */;
/*!40101 SET CHARACTER_SET_RESULTS=@OLD_CHARACTER_SET_RESULTS */;
/*!40101 SET COLLATION_CONNECTION=@OLD_COLLATION_CONNECTION */;
/*!40111 SET SQL_NOTES=@OLD_SQL_NOTES */;

-- Dump completed on 2025-01-05 20:49:21
